-- MySQL dump 10.13  Distrib 8.0.40, for Win64 (x86_64)
--
-- Host: localhost    Database: databaseproject
-- ------------------------------------------------------
-- Server version	8.0.40

/*!40101 SET @OLD_CHARACTER_SET_CLIENT=@@CHARACTER_SET_CLIENT */;
/*!40101 SET @OLD_CHARACTER_SET_RESULTS=@@CHARACTER_SET_RESULTS */;
/*!40101 SET @OLD_COLLATION_CONNECTION=@@COLLATION_CONNECTION */;
/*!50503 SET NAMES utf8 */;
/*!40103 SET @OLD_TIME_ZONE=@@TIME_ZONE */;
/*!40103 SET TIME_ZONE='+00:00' */;
/*!40014 SET @OLD_UNIQUE_CHECKS=@@UNIQUE_CHECKS, UNIQUE_CHECKS=0 */;
/*!40014 SET @OLD_FOREIGN_KEY_CHECKS=@@FOREIGN_KEY_CHECKS, FOREIGN_KEY_CHECKS=0 */;
/*!40101 SET @OLD_SQL_MODE=@@SQL_MODE, SQL_MODE='NO_AUTO_VALUE_ON_ZERO' */;
/*!40111 SET @OLD_SQL_NOTES=@@SQL_NOTES, SQL_NOTES=0 */;

--
-- Table structure for table `booking_status`
--

DROP TABLE IF EXISTS `booking_status`;
/*!40101 SET @saved_cs_client     = @@character_set_client */;
/*!50503 SET character_set_client = utf8mb4 */;
CREATE TABLE `booking_status` (
  `id` int NOT NULL,
  `status` text,
  PRIMARY KEY (`id`)
) ENGINE=InnoDB DEFAULT CHARSET=utf8mb4 COLLATE=utf8mb4_0900_ai_ci;
/*!40101 SET character_set_client = @saved_cs_client */;

--
-- Dumping data for table `booking_status`
--

LOCK TABLES `booking_status` WRITE;
/*!40000 ALTER TABLE `booking_status` DISABLE KEYS */;
INSERT INTO `booking_status` VALUES (1,'Not_Canceled'),(2,'Canceled'),(3,'Confirmed');
/*!40000 ALTER TABLE `booking_status` ENABLE KEYS */;
UNLOCK TABLES;

--
-- Table structure for table `feedback_reviews`
--

DROP TABLE IF EXISTS `feedback_reviews`;
/*!40101 SET @saved_cs_client     = @@character_set_client */;
/*!50503 SET character_set_client = utf8mb4 */;
CREATE TABLE `feedback_reviews` (
  `review_id` int NOT NULL,
  `rating` int DEFAULT NULL,
  `comments` text,
  `review_date` text,
  PRIMARY KEY (`review_id`)
) ENGINE=InnoDB DEFAULT CHARSET=utf8mb4 COLLATE=utf8mb4_0900_ai_ci;
/*!40101 SET character_set_client = @saved_cs_client */;

--
-- Dumping data for table `feedback_reviews`
--

LOCK TABLES `feedback_reviews` WRITE;
/*!40000 ALTER TABLE `feedback_reviews` DISABLE KEYS */;
INSERT INTO `feedback_reviews` VALUES (1,5,'Excellent service and clean rooms!','2025-01-10 15:30:00'),(2,4,'Good experience but the check-in was slow.','2025-01-11 10:45:00'),(3,3,'Average stay, could improve room service.','2025-01-12 08:20:00');
/*!40000 ALTER TABLE `feedback_reviews` ENABLE KEYS */;
UNLOCK TABLES;

--
-- Table structure for table `hotel_reservations`
--

DROP TABLE IF EXISTS `hotel_reservations`;
/*!40101 SET @saved_cs_client     = @@character_set_client */;
/*!50503 SET character_set_client = utf8mb4 */;
CREATE TABLE `hotel_reservations` (
  `Booking_ID` varchar(255) DEFAULT NULL,
  `type_of_meal_plan` varchar(255) DEFAULT NULL,
  `room_type_reserved` varchar(255) DEFAULT NULL,
  `arrival_year` int DEFAULT NULL,
  `arrival_month` int DEFAULT NULL,
  `arrival_date` int DEFAULT NULL,
  `market_segment_type` varchar(255) DEFAULT NULL,
  `avg_price_per_room` float DEFAULT NULL,
  `booking_status` varchar(255) DEFAULT NULL,
  `room_type_id` int DEFAULT NULL,
  `booking_status_id` int DEFAULT NULL,
  `meal_plan_id` int DEFAULT NULL,
  `market_segment_id` int DEFAULT NULL,
  `feedback_id` int DEFAULT NULL,
  KEY `fk_room_type` (`room_type_id`),
  KEY `fk_booking_status` (`booking_status_id`),
  KEY `fk_meal_plan` (`meal_plan_id`),
  KEY `fk_market_segment` (`market_segment_id`),
  KEY `fk_feedback_reviews` (`feedback_id`),
  CONSTRAINT `fk_booking_status` FOREIGN KEY (`booking_status_id`) REFERENCES `booking_status` (`id`),
  CONSTRAINT `fk_feedback_reviews` FOREIGN KEY (`feedback_id`) REFERENCES `feedback_reviews` (`review_id`) ON DELETE CASCADE ON UPDATE CASCADE,
  CONSTRAINT `fk_market_segment` FOREIGN KEY (`market_segment_id`) REFERENCES `market_segment` (`id`),
  CONSTRAINT `fk_meal_plan` FOREIGN KEY (`meal_plan_id`) REFERENCES `meal_plan` (`id`),
  CONSTRAINT `fk_room_type` FOREIGN KEY (`room_type_id`) REFERENCES `room_type` (`id`)
) ENGINE=InnoDB DEFAULT CHARSET=utf8mb4 COLLATE=utf8mb4_0900_ai_ci;
/*!40101 SET character_set_client = @saved_cs_client */;

--
-- Dumping data for table `hotel_reservations`
--

LOCK TABLES `hotel_reservations` WRITE;
/*!40000 ALTER TABLE `hotel_reservations` DISABLE KEYS */;
INSERT INTO `hotel_reservations` VALUES ('INN00001','Meal Plan 1','Room_Type 1',2017,10,2,'Offline',65,'Not_Canceled\r',2,1,3,5,3),('INN00002','Not Selected','Room_Type 1',2018,11,6,'Online',106.68,'Not_Canceled\r',3,1,1,4,3),('INN00003','Meal Plan 1','Room_Type 1',2018,2,28,'Online',60,'Canceled\r',3,2,2,3,2),('INN00004','Meal Plan 1','Room_Type 1',2018,5,20,'Online',100,'Canceled\r',2,3,3,1,1),('INN00005','Not Selected','Room_Type 1',2018,4,11,'Online',94.5,'Canceled\r',1,3,2,4,3),('INN00006','Meal Plan 2','Room_Type 1',2018,9,13,'Online',115,'Canceled\r',2,2,1,1,1),('INN00007','Meal Plan 1','Room_Type 1',2017,10,15,'Online',107.55,'Not_Canceled\r',2,1,3,4,2),('INN00008','Meal Plan 1','Room_Type 4',2018,12,26,'Online',105.61,'Not_Canceled\r',3,2,3,5,2),('INN00009','Meal Plan 1','Room_Type 1',2018,7,6,'Offline',96.9,'Not_Canceled\r',1,2,3,1,1),('INN00010','Meal Plan 1','Room_Type 4',2018,10,18,'Online',133.44,'Not_Canceled\r',1,1,3,2,1),('INN00011','Not Selected','Room_Type 1',2018,9,11,'Online',85.03,'Not_Canceled\r',1,2,3,1,3),('INN00012','Meal Plan 1','Room_Type 4',2018,4,30,'Online',140.4,'Not_Canceled\r',2,3,1,2,3),('INN00013','Not Selected','Room_Type 1',2018,11,26,'Online',88,'Canceled\r',2,3,2,1,1),('INN00014','Meal Plan 1','Room_Type 1',2018,11,20,'Online',90,'Canceled\r',1,3,1,3,1),('INN00015','Meal Plan 1','Room_Type 1',2017,10,20,'Online',94.5,'Not_Canceled\r',1,2,3,4,1),('INN00016','Meal Plan 2','Room_Type 1',2018,6,15,'Online',115,'Canceled\r',1,3,2,5,1),('INN00017','Meal Plan 1','Room_Type 1',2017,10,5,'Offline',96,'Not_Canceled\r',2,3,2,2,2),('INN00018','Not Selected','Room_Type 1',2017,8,10,'Online',96,'Not_Canceled\r',3,1,1,3,3),('INN00019','Meal Plan 1','Room_Type 1',2017,10,30,'Online',65,'Canceled\r',2,3,1,3,2),('INN00020','Meal Plan 1','Room_Type 1',2017,10,4,'Offline',72,'Not_Canceled\r',1,1,3,4,1),('INN00021','Meal Plan 1','Room_Type 1',2017,10,30,'Online',65,'Canceled\r',1,1,2,3,2),('INN00022','Meal Plan 1','Room_Type 1',2018,11,25,'Corporate',67,'Not_Canceled\r',1,1,2,3,2),('INN00023','Meal Plan 1','Room_Type 1',2018,3,20,'Offline',85,'Not_Canceled\r',2,2,2,4,2),('INN00024','Meal Plan 1','Room_Type 1',2018,10,13,'Offline',105,'Not_Canceled\r',1,1,3,5,1),('INN00025','Not Selected','Room_Type 1',2018,5,22,'Online',94.5,'Not_Canceled\r',1,1,1,4,2),('INN00026','Meal Plan 1','Room_Type 1',2018,4,28,'Online',114.3,'Not_Canceled\r',2,1,1,1,3),('INN00027','Meal Plan 1','Room_Type 1',2017,9,21,'Offline',65,'Not_Canceled\r',2,3,1,1,3),('INN00028','Meal Plan 1','Room_Type 4',2018,5,19,'Aviation',110,'Canceled\r',1,2,3,1,2),('INN00029','Meal Plan 1','Room_Type 1',2017,11,6,'Online',37.33,'Canceled\r',2,2,2,3,1),('INN00030','Meal Plan 2','Room_Type 1',2017,9,17,'Offline',82,'Not_Canceled\r',1,2,3,1,3),('INN00031','Meal Plan 1','Room_Type 4',2017,9,19,'Online',177.5,'Not_Canceled\r',1,2,3,1,2),('INN00032','Meal Plan 1','Room_Type 1',2018,11,13,'Online',87.5,'Not_Canceled\r',2,3,3,1,3),('INN00033','Meal Plan 1','Room_Type 2',2018,12,7,'Online',82.44,'Not_Canceled\r',2,3,1,4,2),('INN00034','Not Selected','Room_Type 1',2018,1,9,'Online',69.5,'Not_Canceled\r',2,3,1,3,2),('INN00035','Meal Plan 1','Room_Type 1',2018,10,7,'Offline',85.5,'Not_Canceled\r',1,1,2,4,1),('INN00036','Not Selected','Room_Type 1',2018,4,27,'Online',115,'Not_Canceled\r',3,3,3,4,3),('INN00037','Meal Plan 1','Room_Type 1',2018,6,19,'Online',81,'Canceled\r',3,3,2,4,2),('INN00038','Meal Plan 1','Room_Type 1',2017,10,17,'Offline',67,'Not_Canceled\r',3,3,3,2,2),('INN00039','Not Selected','Room_Type 1',2018,11,19,'Online',63.75,'Canceled\r',3,3,1,2,3),('INN00040','Meal Plan 1','Room_Type 4',2018,7,30,'Online',121.8,'Canceled\r',1,2,2,2,1),('INN00041','Meal Plan 1','Room_Type 1',2018,11,1,'Online',93.6,'Not_Canceled\r',3,3,3,1,1),('INN00042','Meal Plan 1','Room_Type 1',2018,6,21,'Online',102,'Not_Canceled\r',2,1,1,1,3),('INN00043','Meal Plan 1','Room_Type 1',2018,4,10,'Online',121.8,'Not_Canceled\r',1,1,1,4,2),('INN00044','Not Selected','Room_Type 1',2018,6,27,'Online',98.1,'Canceled\r',2,1,3,4,2),('INN00045','Meal Plan 1','Room_Type 4',2017,11,18,'Offline',60,'Not_Canceled\r',1,1,3,5,3),('INN00046','Meal Plan 1','Room_Type 1',2017,12,29,'Offline',75,'Not_Canceled\r',1,1,3,1,2),('INN00047','Meal Plan 1','Room_Type 1',2017,11,20,'Offline',73,'Not_Canceled\r',2,2,2,4,3),('INN00048','Meal Plan 2','Room_Type 1',2018,4,6,'Offline',104,'Not_Canceled\r',3,1,1,2,1),('INN00049','Not Selected','Room_Type 1',2018,11,1,'Online',79.2,'Not_Canceled\r',2,1,1,4,1),('INN00050','Meal Plan 1','Room_Type 4',2018,12,29,'Online',125.8,'Not_Canceled\r',3,1,1,3,1),('INN00051','Not Selected','Room_Type 1',2018,5,30,'Online',87.95,'Not_Canceled\r',2,2,1,3,2),('INN00052','Meal Plan 2','Room_Type 1',2018,4,22,'Online',106,'Canceled\r',1,3,3,3,2),('INN00053','Meal Plan 1','Room_Type 1',2018,5,16,'Online',136.67,'Not_Canceled\r',2,1,2,3,3),('INN00054','Meal Plan 1','Room_Type 4',2017,11,11,'Offline',60,'Not_Canceled\r',2,3,3,2,2),('INN00055','Not Selected','Room_Type 1',2018,6,13,'Online',89,'Not_Canceled\r',3,2,3,2,1),('INN00056','Meal Plan 1','Room_Type 1',2018,5,19,'Online',136,'Not_Canceled\r',1,1,2,5,3),('INN00057','Not Selected','Room_Type 1',2018,7,28,'Online',94.5,'Not_Canceled\r',2,1,2,5,2),('INN00058','Meal Plan 1','Room_Type 1',2018,12,26,'Online',93.6,'Not_Canceled\r',2,3,3,3,2),('INN00059','Meal Plan 1','Room_Type 4',2018,4,20,'Online',120.6,'Canceled\r',1,3,2,3,1),('INN00060','Meal Plan 1','Room_Type 4',2018,4,6,'Online',99.3,'Not_Canceled\r',1,1,1,1,2),('INN00061','Meal Plan 1','Room_Type 6',2018,9,2,'Online',258,'Not_Canceled\r',3,3,2,2,1),('INN00062','Meal Plan 1','Room_Type 4',2018,5,3,'Online',120.12,'Not_Canceled\r',3,2,1,5,3),('INN00063','Meal Plan 1','Room_Type 1',2018,6,24,'Offline',95,'Not_Canceled\r',3,1,2,1,2),('INN00064','Meal Plan 1','Room_Type 1',2017,9,10,'Complementary',0,'Not_Canceled\r',1,3,1,2,3),('INN00065','Meal Plan 1','Room_Type 1',2018,12,18,'Offline',75,'Not_Canceled\r',1,3,1,3,3),('INN00066','Meal Plan 1','Room_Type 4',2018,10,5,'Online',157.5,'Not_Canceled\r',3,1,1,1,1),('INN00067','Meal Plan 1','Room_Type 4',2018,6,3,'Online',97.7,'Not_Canceled\r',1,3,2,4,3),('INN00068','Meal Plan 1','Room_Type 4',2018,4,15,'Online',142,'Canceled\r',1,1,1,3,3),('INN00069','Meal Plan 1','Room_Type 1',2018,4,6,'Offline',80,'Not_Canceled\r',1,2,1,4,2),('INN00070','Meal Plan 1','Room_Type 1',2018,4,25,'Online',85.5,'Not_Canceled\r',2,1,1,4,3),('INN00071','Meal Plan 1','Room_Type 1',2018,8,25,'Offline',100,'Not_Canceled\r',1,2,2,2,3),('INN00072','Not Selected','Room_Type 1',2018,11,14,'Online',88,'Not_Canceled\r',3,1,2,2,1),('INN00073','Meal Plan 1','Room_Type 1',2018,8,29,'Online',122.85,'Not_Canceled\r',3,3,2,2,3),('INN00074','Meal Plan 1','Room_Type 1',2018,6,3,'Online',100,'Canceled\r',2,1,3,1,2),('INN00075','Meal Plan 1','Room_Type 4',2017,10,25,'Offline',75,'Not_Canceled\r',1,3,3,2,2),('INN00076','Meal Plan 1','Room_Type 4',2018,3,9,'Online',116.8,'Not_Canceled\r',3,1,1,4,3),('INN00077','Meal Plan 1','Room_Type 4',2018,12,31,'Online',121.5,'Not_Canceled\r',2,2,1,1,2),('INN00078','Meal Plan 1','Room_Type 1',2018,6,27,'Online',111.9,'Not_Canceled\r',1,2,3,4,1),('INN00079','Meal Plan 1','Room_Type 4',2018,6,28,'Online',121.55,'Canceled\r',2,1,2,2,1),('INN00080','Meal Plan 1','Room_Type 1',2018,3,29,'Offline',75,'Not_Canceled\r',3,2,1,1,1),('INN00081','Meal Plan 1','Room_Type 6',2018,4,1,'Online',159.3,'Canceled\r',3,2,3,2,2),('INN00082','Meal Plan 1','Room_Type 4',2018,10,11,'Online',132.3,'Canceled\r',3,2,1,5,3),('INN00083','Not Selected','Room_Type 1',2018,12,25,'Online',88,'Not_Canceled\r',1,3,1,2,3),('INN00084','Meal Plan 1','Room_Type 4',2018,3,14,'Online',98.82,'Not_Canceled\r',2,2,1,3,1),('INN00085','Meal Plan 1','Room_Type 4',2018,3,4,'Online',98.3,'Not_Canceled\r',3,3,3,5,2),('INN00086','Meal Plan 1','Room_Type 1',2018,10,17,'Online',150,'Not_Canceled\r',3,2,3,1,2),('INN00087','Not Selected','Room_Type 1',2018,9,4,'Online',96.05,'Not_Canceled\r',1,2,3,2,1),('INN00088','Meal Plan 1','Room_Type 1',2018,6,15,'Online',130,'Canceled\r',3,3,1,3,2),('INN00089','Not Selected','Room_Type 1',2018,12,10,'Online',95,'Not_Canceled\r',1,3,1,4,3),('INN00090','Meal Plan 1','Room_Type 5',2018,8,9,'Offline',113.56,'Not_Canceled\r',3,1,3,5,3),('INN00091','Not Selected','Room_Type 1',2018,5,5,'Online',101.58,'Not_Canceled\r',2,1,1,2,1),('INN00092','Meal Plan 1','Room_Type 1',2018,3,18,'Online',105.3,'Not_Canceled\r',1,2,1,4,1),('INN00093','Meal Plan 1','Room_Type 4',2018,4,9,'Online',115.8,'Not_Canceled\r',1,2,3,3,1),('INN00094','Meal Plan 1','Room_Type 4',2018,5,19,'Online',149.4,'Not_Canceled\r',3,1,2,3,2),('INN00095','Meal Plan 1','Room_Type 1',2018,8,30,'Online',111.59,'Canceled\r',1,2,1,5,2),('INN00096','Meal Plan 1','Room_Type 1',2018,8,4,'Online',130.5,'Not_Canceled\r',2,2,2,1,3),('INN00097','Meal Plan 2','Room_Type 1',2018,8,18,'Online',115,'Canceled\r',1,2,2,1,2),('INN00098','Meal Plan 1','Room_Type 1',2018,4,13,'Online',90.95,'Not_Canceled\r',2,3,2,2,3),('INN00099','Meal Plan 1','Room_Type 1',2018,11,17,'Online',76.08,'Not_Canceled\r',2,2,2,1,1),('INN00100','Meal Plan 1','Room_Type 6',2018,12,22,'Online',156.9,'Not_Canceled\r',2,1,2,4,2),('INN00101','Not Selected','Room_Type 1',2018,10,23,'Online',85.5,'Not_Canceled\r',2,3,3,5,1),('INN00102','Meal Plan 1','Room_Type 4',2018,5,13,'Online',159.3,'Not_Canceled\r',1,1,3,2,2),('INN00103','Meal Plan 1','Room_Type 1',2018,12,13,'Online',74.8,'Not_Canceled\r',1,2,2,5,2),('INN00104','Meal Plan 1','Room_Type 1',2017,10,31,'Online',95,'Not_Canceled\r',3,1,1,5,3),('INN00105','Meal Plan 1','Room_Type 1',2017,10,8,'Online',107,'Not_Canceled\r',1,3,3,3,2),('INN00106','Meal Plan 1','Room_Type 1',2018,2,16,'Offline',64,'Not_Canceled\r',3,1,1,3,1),('INN00107','Meal Plan 1','Room_Type 1',2017,11,2,'Online',82.95,'Not_Canceled\r',2,1,1,3,3),('INN00108','Meal Plan 1','Room_Type 4',2017,9,21,'Online',155,'Not_Canceled\r',1,1,2,3,1),('INN00109','Not Selected','Room_Type 1',2018,6,30,'Online',101.68,'Not_Canceled\r',3,1,1,1,1),('INN00110','Meal Plan 1','Room_Type 1',2017,9,5,'Online',94.5,'Not_Canceled\r',1,3,1,2,1),('INN00111','Meal Plan 1','Room_Type 1',2018,9,30,'Online',117.9,'Canceled\r',1,3,3,2,1),('INN00112','Not Selected','Room_Type 1',2018,6,27,'Online',127,'Not_Canceled\r',3,2,1,3,3),('INN00113','Not Selected','Room_Type 1',2018,6,16,'Online',116.1,'Not_Canceled\r',2,3,3,3,3),('INN00114','Meal Plan 1','Room_Type 1',2018,6,30,'Online',117.9,'Not_Canceled\r',1,1,3,1,2),('INN00115','Meal Plan 1','Room_Type 2',2018,6,26,'Online',184.24,'Canceled\r',2,2,3,1,1),('INN00116','Meal Plan 1','Room_Type 4',2018,8,13,'Online',155.7,'Not_Canceled\r',3,1,3,3,2),('INN00117','Meal Plan 1','Room_Type 4',2018,4,22,'Online',135.76,'Canceled\r',1,2,1,5,3),('INN00118','Meal Plan 1','Room_Type 1',2018,11,12,'Online',102.83,'Not_Canceled\r',1,1,1,1,3),('INN00119','Meal Plan 1','Room_Type 1',2018,4,29,'Online',65,'Canceled\r',3,2,2,4,1),('INN00120','Meal Plan 1','Room_Type 1',2017,11,14,'Online',103,'Not_Canceled\r',2,1,1,1,1),('INN00121','Meal Plan 1','Room_Type 1',2018,9,1,'Online',106.2,'Canceled\r',1,1,2,2,3),('INN00122','Meal Plan 2','Room_Type 1',2018,9,16,'Offline',58.5,'Not_Canceled\r',3,3,1,5,1),('INN00123','Meal Plan 1','Room_Type 1',2018,3,10,'Online',73.95,'Canceled\r',3,3,2,2,2),('INN00124','Meal Plan 1','Room_Type 1',2018,5,5,'Online',105.3,'Not_Canceled\r',1,3,2,2,3),('INN00125','Meal Plan 1','Room_Type 4',2018,4,24,'Online',133.2,'Not_Canceled\r',3,2,3,1,1),('INN00126','Meal Plan 1','Room_Type 1',2018,3,30,'Offline',85.5,'Not_Canceled\r',1,1,3,1,2),('INN00127','Meal Plan 1','Room_Type 1',2018,11,3,'Online',112,'Canceled\r',3,1,1,3,2),('INN00128','Meal Plan 1','Room_Type 6',2018,10,14,'Online',190.8,'Canceled\r',3,3,3,3,3),('INN00129','Meal Plan 1','Room_Type 1',2018,6,5,'Offline',110,'Not_Canceled\r',2,2,3,3,1),('INN00130','Meal Plan 1','Room_Type 4',2018,7,13,'Online',91.48,'Not_Canceled\r',3,2,2,5,2),('INN00131','Not Selected','Room_Type 1',2018,10,20,'Online',135,'Not_Canceled\r',2,1,2,5,1),('INN00132','Meal Plan 1','Room_Type 1',2018,10,17,'Online',129,'Not_Canceled\r',2,1,2,5,2),('INN00133','Not Selected','Room_Type 1',2018,12,28,'Online',70.55,'Canceled\r',3,1,3,3,3),('INN00134','Meal Plan 1','Room_Type 4',2017,10,19,'Offline',75,'Not_Canceled\r',2,2,3,2,3),('INN00135','Not Selected','Room_Type 1',2018,3,29,'Online',72.25,'Not_Canceled\r',1,1,1,4,2),('INN00136','Meal Plan 1','Room_Type 4',2017,10,9,'Online',155,'Not_Canceled\r',3,1,2,3,2),('INN00137','Meal Plan 1','Room_Type 1',2018,7,25,'Online',121.5,'Canceled\r',3,3,2,2,1),('INN00138','Meal Plan 1','Room_Type 1',2018,6,28,'Online',90.95,'Not_Canceled\r',1,2,2,5,1),('INN00139','Meal Plan 1','Room_Type 1',2018,5,22,'Online',109.65,'Not_Canceled\r',1,1,2,4,1),('INN00140','Meal Plan 1','Room_Type 4',2018,4,15,'Online',142.72,'Canceled\r',2,1,3,3,3),('INN00141','Meal Plan 1','Room_Type 1',2018,5,9,'Offline',90,'Not_Canceled\r',1,2,3,1,3),('INN00142','Meal Plan 1','Room_Type 1',2018,6,17,'Online',75,'Canceled\r',2,3,3,2,2),('INN00143','Meal Plan 1','Room_Type 1',2018,11,18,'Online',111,'Canceled\r',2,2,3,3,3),('INN00144','Meal Plan 1','Room_Type 1',2018,10,30,'Online',86.7,'Not_Canceled\r',3,1,3,4,3),('INN00145','Meal Plan 1','Room_Type 1',2018,3,28,'Online',117.9,'Not_Canceled\r',1,3,3,5,1),('INN00146','Meal Plan 1','Room_Type 1',2018,6,1,'Complementary',0,'Not_Canceled\r',2,1,1,3,2),('INN00147','Not Selected','Room_Type 1',2018,5,4,'Online',101.58,'Not_Canceled\r',2,2,3,1,1),('INN00148','Not Selected','Room_Type 1',2018,4,8,'Online',58.9,'Not_Canceled\r',1,3,3,3,3),('INN00149','Meal Plan 1','Room_Type 1',2018,6,8,'Offline',120,'Not_Canceled\r',1,1,2,4,3),('INN00150','Meal Plan 1','Room_Type 4',2018,4,7,'Online',107.1,'Canceled\r',3,2,1,5,2),('INN00151','Meal Plan 1','Room_Type 1',2018,5,2,'Online',126.9,'Not_Canceled\r',3,3,1,1,3),('INN00152','Meal Plan 1','Room_Type 4',2018,9,29,'Online',139.5,'Canceled\r',3,3,3,3,3),('INN00153','Not Selected','Room_Type 1',2018,4,4,'Online',80.75,'Not_Canceled\r',1,1,1,5,2),('INN00154','Meal Plan 2','Room_Type 1',2017,7,17,'Online',109,'Canceled\r',2,3,2,2,1),('INN00155','Meal Plan 2','Room_Type 1',2018,4,6,'Offline',104,'Not_Canceled\r',2,2,1,1,3),('INN00156','Meal Plan 1','Room_Type 1',2018,11,1,'Corporate',65,'Not_Canceled\r',3,3,1,5,2),('INN00157','Meal Plan 1','Room_Type 4',2018,5,24,'Online',140.4,'Not_Canceled\r',1,3,2,2,2),('INN00158','Meal Plan 1','Room_Type 1',2018,2,17,'Offline',75,'Not_Canceled\r',1,3,3,4,1),('INN00159','Not Selected','Room_Type 1',2018,4,14,'Online',94.5,'Canceled\r',1,2,3,2,2),('INN00160','Not Selected','Room_Type 1',2018,6,5,'Online',109,'Not_Canceled\r',1,2,1,4,3),('INN00161','Meal Plan 1','Room_Type 1',2018,11,12,'Online',105,'Not_Canceled\r',1,3,3,4,2),('INN00162','Meal Plan 1','Room_Type 4',2018,4,17,'Online',107.95,'Not_Canceled\r',2,3,2,1,2),('INN00163','Meal Plan 1','Room_Type 7',2018,10,7,'Online',215.6,'Not_Canceled\r',3,2,1,5,1),('INN00164','Not Selected','Room_Type 1',2018,8,1,'Online',85.5,'Not_Canceled\r',3,2,2,4,1),('INN00165','Meal Plan 1','Room_Type 1',2018,7,12,'Online',105.3,'Not_Canceled\r',1,2,3,4,2),('INN00166','Meal Plan 2','Room_Type 1',2018,1,2,'Online',1,'Not_Canceled\r',3,2,1,5,1),('INN00167','Meal Plan 1','Room_Type 4',2018,6,15,'Online',156,'Canceled\r',3,1,3,3,2),('INN00168','Meal Plan 1','Room_Type 1',2018,11,16,'Online',73.15,'Not_Canceled\r',2,1,3,3,3),('INN00169','Meal Plan 1','Room_Type 1',2018,9,19,'Online',110,'Canceled\r',2,3,3,3,2),('INN00170','Not Selected','Room_Type 1',2017,9,13,'Online',87.4,'Not_Canceled\r',2,2,1,3,1),('INN00171','Meal Plan 1','Room_Type 1',2018,9,15,'Online',120,'Canceled\r',2,2,1,4,1),('INN00172','Not Selected','Room_Type 1',2018,12,16,'Online',79.2,'Canceled\r',3,3,2,4,3),('INN00173','Meal Plan 1','Room_Type 1',2018,6,30,'Online',90.95,'Not_Canceled\r',1,2,3,5,1),('INN00174','Meal Plan 1','Room_Type 1',2018,10,18,'Online',91.48,'Not_Canceled\r',1,2,1,3,1),('INN00175','Meal Plan 1','Room_Type 1',2018,11,5,'Online',150,'Canceled\r',3,1,2,1,2),('INN00176','Not Selected','Room_Type 1',2018,3,22,'Online',89,'Not_Canceled\r',1,2,1,5,1),('INN00177','Not Selected','Room_Type 1',2018,8,17,'Online',91.43,'Not_Canceled\r',2,1,2,3,3),('INN00178','Meal Plan 1','Room_Type 1',2018,5,20,'Offline',140,'Not_Canceled\r',2,1,3,3,2),('INN00179','Not Selected','Room_Type 1',2017,10,24,'Online',87.78,'Not_Canceled\r',2,2,3,4,2),('INN00180','Meal Plan 2','Room_Type 1',2018,7,21,'Online',115,'Canceled\r',1,1,2,5,3),('INN00181','Meal Plan 1','Room_Type 1',2017,9,9,'Online',80.85,'Not_Canceled\r',1,2,2,4,3),('INN00182','Meal Plan 1','Room_Type 1',2018,3,31,'Online',82.45,'Not_Canceled\r',3,2,1,1,3),('INN00183','Not Selected','Room_Type 1',2018,10,11,'Online',108,'Canceled\r',1,2,2,4,3),('INN00184','Meal Plan 1','Room_Type 4',2018,4,2,'Online',96.3,'Not_Canceled\r',1,1,3,5,1),('INN00185','Meal Plan 1','Room_Type 1',2018,8,22,'Online',99.45,'Canceled\r',3,1,1,1,3),('INN00186','Meal Plan 1','Room_Type 4',2018,5,13,'Online',140.4,'Not_Canceled\r',1,3,1,3,1),('INN00187','Meal Plan 1','Room_Type 1',2018,8,8,'Offline',72.25,'Not_Canceled\r',1,2,2,3,2),('INN00188','Meal Plan 1','Room_Type 4',2018,8,15,'Online',126,'Not_Canceled\r',1,3,1,5,3),('INN00189','Meal Plan 1','Room_Type 1',2018,8,19,'Online',78,'Canceled\r',3,2,1,1,3),('INN00190','Meal Plan 1','Room_Type 4',2018,11,6,'Online',146.6,'Not_Canceled\r',2,3,1,5,1),('INN00191','Meal Plan 1','Room_Type 1',2018,10,10,'Online',118.8,'Canceled\r',1,1,2,2,3),('INN00192','Meal Plan 1','Room_Type 1',2018,10,6,'Online',145,'Canceled\r',3,2,2,1,1),('INN00193','Meal Plan 1','Room_Type 1',2018,4,6,'Online',84.58,'Canceled\r',1,1,1,1,1),('INN00194','Meal Plan 2','Room_Type 1',2018,3,25,'Online',130,'Canceled\r',3,1,2,3,2),('INN00195','Meal Plan 1','Room_Type 4',2018,8,3,'Online',118.88,'Canceled\r',3,1,3,1,2),('INN00196','Meal Plan 1','Room_Type 1',2018,5,30,'Offline',101.52,'Not_Canceled\r',3,1,3,5,2),('INN00197','Meal Plan 1','Room_Type 1',2017,9,11,'Corporate',100,'Canceled\r',1,1,3,3,1),('INN00198','Meal Plan 1','Room_Type 1',2018,3,20,'Offline',58,'Not_Canceled\r',2,3,2,4,3),('INN00199','Meal Plan 1','Room_Type 1',2018,3,23,'Offline',61.5,'Not_Canceled\r',2,2,2,5,1),('INN00200','Meal Plan 2','Room_Type 1',2018,9,26,'Online',107,'Canceled\r',3,1,2,1,1),('INN00201','Not Selected','Room_Type 1',2018,8,24,'Online',87.3,'Not_Canceled\r',3,2,1,1,3),('INN00202','Meal Plan 1','Room_Type 1',2017,7,16,'Online',76.5,'Canceled\r',3,1,2,1,1),('INN00203','Not Selected','Room_Type 1',2018,12,16,'Online',63.75,'Canceled\r',3,1,1,1,3),('INN00204','Meal Plan 1','Room_Type 1',2018,5,13,'Online',95,'Canceled\r',3,2,1,2,2),('INN00205','Meal Plan 1','Room_Type 1',2018,11,19,'Offline',75,'Not_Canceled\r',2,1,1,2,3),('INN00206','Meal Plan 1','Room_Type 1',2018,9,8,'Online',70,'Canceled\r',1,1,2,2,2),('INN00207','Meal Plan 1','Room_Type 1',2018,5,2,'Online',101.58,'Not_Canceled\r',2,1,1,3,2),('INN00208','Meal Plan 1','Room_Type 1',2018,8,21,'Offline',85,'Not_Canceled\r',1,3,3,1,2),('INN00209','Meal Plan 1','Room_Type 1',2018,12,3,'Online',98.39,'Not_Canceled\r',1,3,1,3,2),('INN00210','Meal Plan 1','Room_Type 1',2018,2,27,'Complementary',0,'Not_Canceled\r',3,2,2,2,1),('INN00211','Meal Plan 1','Room_Type 1',2017,9,22,'Online',106.07,'Not_Canceled\r',1,2,1,5,3),('INN00212','Meal Plan 1','Room_Type 1',2018,7,18,'Offline',105,'Not_Canceled\r',3,1,3,3,1),('INN00213','Meal Plan 1','Room_Type 1',2017,9,22,'Online',145,'Not_Canceled\r',3,2,3,2,2),('INN00214','Meal Plan 1','Room_Type 1',2018,8,13,'Online',106.03,'Canceled\r',3,2,1,3,3),('INN00215','Meal Plan 1','Room_Type 1',2018,8,13,'Online',114.3,'Not_Canceled\r',2,1,3,3,1),('INN00216','Not Selected','Room_Type 1',2018,12,5,'Online',88,'Not_Canceled\r',2,2,3,2,3),('INN00217','Meal Plan 1','Room_Type 1',2017,10,15,'Online',89.25,'Not_Canceled\r',1,3,1,1,2),('INN00218','Meal Plan 1','Room_Type 4',2018,3,20,'Online',86.32,'Not_Canceled\r',2,2,3,2,2),('INN00219','Meal Plan 1','Room_Type 1',2018,10,13,'Offline',90,'Not_Canceled\r',3,1,1,1,1),('INN00220','Meal Plan 1','Room_Type 1',2017,8,22,'Online',55.96,'Not_Canceled\r',3,3,3,2,1),('INN00221','Not Selected','Room_Type 1',2018,6,8,'Online',109,'Not_Canceled\r',3,3,1,4,3),('INN00222','Meal Plan 1','Room_Type 1',2018,3,1,'Offline',86,'Not_Canceled\r',2,1,1,5,1),('INN00223','Meal Plan 1','Room_Type 1',2018,9,5,'Online',118.95,'Not_Canceled\r',2,1,2,5,3),('INN00224','Meal Plan 1','Room_Type 1',2018,6,10,'Offline',130,'Not_Canceled\r',3,3,3,2,2),('INN00225','Not Selected','Room_Type 1',2018,4,14,'Online',90.56,'Not_Canceled\r',3,2,3,4,2),('INN00226','Meal Plan 1','Room_Type 1',2018,4,1,'Online',87.3,'Not_Canceled\r',2,1,1,2,1),('INN00227','Meal Plan 1','Room_Type 6',2018,5,27,'Online',177.65,'Canceled\r',1,2,1,5,2),('INN00228','Meal Plan 1','Room_Type 6',2017,9,19,'Online',200.75,'Not_Canceled\r',2,2,2,4,3),('INN00229','Meal Plan 1','Room_Type 1',2018,3,18,'Online',127,'Not_Canceled\r',3,3,1,1,2),('INN00230','Meal Plan 1','Room_Type 1',2018,2,5,'Online',72.9,'Canceled\r',1,1,2,1,3),('INN00231','Meal Plan 1','Room_Type 4',2018,5,7,'Online',159.3,'Canceled\r',1,2,1,4,1),('INN00232','Meal Plan 1','Room_Type 1',2018,5,12,'Online',135.15,'Not_Canceled\r',2,1,2,2,3),('INN00233','Meal Plan 1','Room_Type 1',2018,10,28,'Offline',90,'Not_Canceled\r',3,1,1,5,2),('INN00234','Not Selected','Room_Type 1',2017,10,18,'Online',114,'Not_Canceled\r',1,1,1,5,3),('INN00235','Meal Plan 1','Room_Type 1',2018,6,21,'Online',125.1,'Not_Canceled\r',3,2,3,2,3),('INN00236','Not Selected','Room_Type 1',2017,8,14,'Online',95.13,'Not_Canceled\r',2,1,3,4,3),('INN00237','Meal Plan 1','Room_Type 5',2018,4,29,'Online',105.84,'Canceled\r',2,3,1,3,1),('INN00238','Meal Plan 1','Room_Type 1',2018,12,26,'Online',102,'Canceled\r',2,1,1,1,3),('INN00239','Not Selected','Room_Type 1',2018,12,2,'Online',74.8,'Not_Canceled\r',3,1,3,1,2),('INN00240','Not Selected','Room_Type 1',2018,4,24,'Online',94.5,'Canceled\r',3,2,2,4,3),('INN00241','Not Selected','Room_Type 1',2018,6,16,'Online',120.6,'Not_Canceled\r',2,1,1,4,1),('INN00242','Meal Plan 1','Room_Type 1',2017,10,9,'Online',139.33,'Not_Canceled\r',2,2,2,2,1),('INN00243','Meal Plan 1','Room_Type 1',2017,9,3,'Online',105,'Not_Canceled\r',3,2,1,5,3),('INN00244','Not Selected','Room_Type 1',2018,9,14,'Corporate',100,'Not_Canceled\r',1,3,1,1,2),('INN00245','Meal Plan 1','Room_Type 1',2018,2,8,'Online',80.3,'Not_Canceled\r',3,1,2,3,3),('INN00246','Meal Plan 1','Room_Type 1',2017,10,2,'Offline',100,'Not_Canceled\r',3,3,2,5,2),('INN00247','Meal Plan 1','Room_Type 1',2018,3,24,'Online',105.3,'Not_Canceled\r',1,1,3,5,2),('INN00248','Meal Plan 1','Room_Type 4',2018,5,31,'Online',112.8,'Canceled\r',1,2,2,5,1),('INN00249','Meal Plan 1','Room_Type 1',2018,8,15,'Online',151,'Canceled\r',3,3,2,3,1),('INN00250','Meal Plan 1','Room_Type 1',2017,11,9,'Online',91,'Not_Canceled\r',2,1,2,4,3),('INN00251','Meal Plan 1','Room_Type 4',2018,8,13,'Online',146.7,'Canceled\r',1,1,2,5,1),('INN00252','Meal Plan 1','Room_Type 1',2017,10,2,'Offline',58.4,'Not_Canceled\r',1,3,2,4,3),('INN00253','Not Selected','Room_Type 1',2018,7,26,'Online',80.75,'Canceled\r',2,2,2,4,3),('INN00254','Not Selected','Room_Type 1',2018,5,21,'Offline',76.5,'Not_Canceled\r',3,2,3,1,3),('INN00255','Meal Plan 1','Room_Type 4',2018,9,7,'Online',140.13,'Not_Canceled\r',1,1,2,2,1),('INN00256','Not Selected','Room_Type 1',2017,11,15,'Online',76,'Not_Canceled\r',1,1,2,3,1),('INN00257','Meal Plan 1','Room_Type 1',2017,9,16,'Online',200,'Not_Canceled\r',1,3,1,4,1),('INN00258','Meal Plan 2','Room_Type 1',2017,10,16,'Online',101.5,'Canceled\r',1,3,3,1,1),('INN00259','Not Selected','Room_Type 1',2018,10,18,'Online',108,'Not_Canceled\r',3,3,3,5,3),('INN00260','Meal Plan 2','Room_Type 4',2018,7,23,'Online',189,'Not_Canceled\r',2,3,1,2,2),('INN00261','Meal Plan 1','Room_Type 4',2018,6,11,'Online',166,'Not_Canceled\r',1,1,1,1,2),('INN00262','Not Selected','Room_Type 1',2018,1,16,'Online',67.5,'Not_Canceled\r',1,2,3,3,3),('INN00263','Meal Plan 1','Room_Type 4',2017,9,14,'Online',78.54,'Not_Canceled\r',2,3,2,5,3),('INN00264','Meal Plan 1','Room_Type 1',2018,11,6,'Online',152.1,'Canceled\r',2,3,2,1,3),('INN00265','Meal Plan 1','Room_Type 1',2018,10,15,'Online',115,'Canceled\r',3,1,2,1,1),('INN00266','Not Selected','Room_Type 1',2017,9,2,'Online',66.53,'Not_Canceled\r',1,3,3,3,2),('INN00267','Meal Plan 1','Room_Type 1',2017,8,12,'Complementary',0,'Not_Canceled\r',1,3,2,4,1),('INN00268','Meal Plan 1','Room_Type 1',2017,8,23,'Complementary',0,'Not_Canceled\r',2,1,2,5,3),('INN00269','Meal Plan 1','Room_Type 1',2018,12,29,'Online',90.3,'Canceled\r',2,3,1,5,3),('INN00270','Meal Plan 1','Room_Type 1',2018,4,15,'Offline',85,'Not_Canceled\r',3,2,2,5,3),('INN00271','Meal Plan 1','Room_Type 1',2018,3,11,'Corporate',75,'Not_Canceled\r',2,3,2,3,3),('INN00272','Meal Plan 1','Room_Type 1',2018,8,28,'Online',115.37,'Canceled\r',1,3,1,3,3),('INN00273','Meal Plan 2','Room_Type 1',2018,3,25,'Online',130,'Canceled\r',3,3,1,2,3),('INN00274','Meal Plan 1','Room_Type 4',2018,12,9,'Online',126,'Not_Canceled\r',1,2,2,2,3),('INN00275','Meal Plan 1','Room_Type 1',2018,6,12,'Online',94.35,'Not_Canceled\r',2,3,2,2,3),('INN00276','Meal Plan 1','Room_Type 4',2018,7,6,'Online',118.46,'Not_Canceled\r',2,1,3,3,3),('INN00277','Meal Plan 2','Room_Type 1',2018,6,15,'Online',90.6,'Canceled\r',2,3,2,2,2),('INN00278','Meal Plan 1','Room_Type 1',2018,3,5,'Online',82.9,'Not_Canceled\r',1,3,3,4,2),('INN00279','Meal Plan 1','Room_Type 1',2017,8,18,'Online',95.33,'Not_Canceled\r',1,1,1,1,1),('INN00280','Meal Plan 1','Room_Type 4',2018,4,21,'Online',135.64,'Not_Canceled\r',2,3,2,3,3),('INN00281','Meal Plan 1','Room_Type 4',2018,6,18,'Offline',122.4,'Not_Canceled\r',2,2,3,3,1),('INN00282','Not Selected','Room_Type 1',2018,5,9,'Online',116.1,'Canceled\r',1,2,3,4,1),('INN00283','Not Selected','Room_Type 1',2018,6,28,'Online',62.18,'Canceled\r',1,3,3,4,2),('INN00284','Not Selected','Room_Type 1',2018,3,9,'Online',63.75,'Canceled\r',2,3,2,3,1),('INN00285','Meal Plan 1','Room_Type 1',2018,9,7,'Online',118.8,'Canceled\r',2,1,1,3,3),('INN00286','Not Selected','Room_Type 1',2018,8,10,'Online',167,'Not_Canceled\r',3,2,3,5,2),('INN00287','Meal Plan 1','Room_Type 6',2018,5,13,'Online',187.85,'Not_Canceled\r',3,2,3,2,1),('INN00288','Meal Plan 1','Room_Type 1',2018,4,24,'Online',108.38,'Canceled\r',3,2,2,5,1),('INN00289','Meal Plan 1','Room_Type 2',2018,9,7,'Complementary',0,'Not_Canceled\r',2,1,2,2,1),('INN00290','Meal Plan 1','Room_Type 1',2018,10,28,'Online',128.7,'Canceled\r',2,1,2,2,2),('INN00291','Meal Plan 1','Room_Type 1',2018,3,17,'Online',80.33,'Not_Canceled\r',3,3,3,2,2),('INN00292','Meal Plan 1','Room_Type 1',2018,8,22,'Online',140,'Canceled\r',3,1,3,5,3),('INN00293','Meal Plan 1','Room_Type 1',2017,8,8,'Online',76.5,'Not_Canceled\r',2,3,2,2,1),('INN00294','Meal Plan 1','Room_Type 1',2018,5,1,'Online',105.3,'Not_Canceled\r',1,1,3,5,3),('INN00295','Meal Plan 1','Room_Type 1',2018,4,3,'Online',87.3,'Canceled\r',3,3,2,3,1),('INN00296','Meal Plan 1','Room_Type 1',2018,11,1,'Online',110,'Canceled\r',3,1,2,5,2),('INN00297','Meal Plan 2','Room_Type 1',2017,9,4,'Offline',83,'Not_Canceled\r',1,2,2,5,2),('INN00298','Meal Plan 1','Room_Type 1',2018,8,13,'Online',99.45,'Not_Canceled\r',3,1,1,1,1),('INN00299','Meal Plan 2','Room_Type 1',2017,12,27,'Offline',104.5,'Not_Canceled\r',1,1,1,5,2),('INN00300','Meal Plan 1','Room_Type 1',2018,11,16,'Online',92.54,'Not_Canceled\r',3,1,2,1,2),('INN00301','Meal Plan 1','Room_Type 1',2018,10,13,'Offline',95,'Not_Canceled\r',1,1,3,3,3),('INN00302','Meal Plan 1','Room_Type 1',2018,6,15,'Online',130,'Canceled\r',3,3,2,3,2),('INN00303','Meal Plan 1','Room_Type 1',2018,1,2,'Offline',63,'Not_Canceled\r',3,1,3,3,3),('INN00304','Meal Plan 1','Room_Type 4',2018,10,28,'Online',109.8,'Canceled\r',3,3,1,3,3),('INN00305','Meal Plan 1','Room_Type 1',2018,5,16,'Online',103,'Not_Canceled\r',3,1,2,4,2),('INN00306','Meal Plan 1','Room_Type 4',2018,2,20,'Online',130,'Not_Canceled\r',2,3,1,2,2),('INN00307','Meal Plan 1','Room_Type 1',2018,3,23,'Online',117,'Canceled\r',2,3,3,3,3),('INN00308','Meal Plan 1','Room_Type 4',2017,12,29,'Offline',60.5,'Not_Canceled\r',1,1,1,2,1),('INN00309','Meal Plan 2','Room_Type 1',2017,9,30,'Offline',112.2,'Not_Canceled\r',2,2,2,5,2),('INN00310','Meal Plan 1','Room_Type 1',2018,8,1,'Online',135.9,'Canceled\r',1,3,3,4,3),('INN00311','Meal Plan 1','Room_Type 1',2018,7,25,'Online',151,'Canceled\r',2,3,3,5,1),('INN00312','Meal Plan 1','Room_Type 6',2018,9,16,'Online',239,'Not_Canceled\r',1,3,2,3,3),('INN00313','Meal Plan 1','Room_Type 1',2017,12,26,'Online',59.09,'Not_Canceled\r',1,1,3,4,1),('INN00314','Meal Plan 1','Room_Type 1',2018,7,9,'Online',103.09,'Canceled\r',2,3,2,5,2),('INN00315','Meal Plan 1','Room_Type 1',2018,2,28,'Offline',87,'Not_Canceled\r',3,3,1,2,1),('INN00316','Meal Plan 1','Room_Type 4',2018,4,17,'Online',137,'Canceled\r',3,1,3,5,1),('INN00317','Meal Plan 2','Room_Type 1',2018,6,24,'Offline',109,'Not_Canceled\r',1,3,3,2,2),('INN00318','Meal Plan 2','Room_Type 1',2018,6,6,'Online',115,'Canceled\r',3,3,3,3,3),('INN00319','Meal Plan 1','Room_Type 4',2018,7,17,'Online',99.45,'Not_Canceled\r',3,3,3,5,3),('INN00320','Meal Plan 2','Room_Type 1',2018,8,18,'Online',115,'Canceled\r',1,1,3,2,3),('INN00321','Meal Plan 1','Room_Type 4',2018,2,22,'Online',130,'Not_Canceled\r',1,1,2,5,2),('INN00322','Meal Plan 1','Room_Type 1',2018,5,22,'Corporate',65,'Not_Canceled\r',2,2,1,1,1),('INN00323','Meal Plan 1','Room_Type 1',2018,6,17,'Online',75,'Canceled\r',3,2,3,1,2),('INN00324','Meal Plan 1','Room_Type 1',2018,7,8,'Online',132.9,'Canceled\r',3,1,1,2,3),('INN00325','Meal Plan 1','Room_Type 1',2017,10,18,'Online',120,'Not_Canceled\r',3,1,3,5,1),('INN00326','Not Selected','Room_Type 1',2018,11,11,'Online',79.2,'Canceled\r',1,1,1,4,2),('INN00327','Meal Plan 1','Room_Type 4',2018,8,28,'Online',159.3,'Canceled\r',3,1,2,3,3),('INN00328','Meal Plan 1','Room_Type 1',2018,6,15,'Online',130,'Canceled\r',1,3,2,4,2),('INN00329','Meal Plan 1','Room_Type 1',2017,10,6,'Offline',90,'Not_Canceled\r',1,1,1,5,3),('INN00330','Meal Plan 1','Room_Type 4',2018,5,27,'Online',140.4,'Not_Canceled\r',3,3,3,1,1),('INN00331','Meal Plan 1','Room_Type 1',2017,8,11,'Online',75,'Not_Canceled\r',2,1,3,2,2),('INN00332','Meal Plan 2','Room_Type 1',2017,7,17,'Online',109,'Canceled\r',3,3,3,2,2),('INN00333','Meal Plan 2','Room_Type 1',2017,7,25,'Online',94.5,'Canceled\r',3,3,1,1,3),('INN00334','Meal Plan 1','Room_Type 1',2017,12,15,'Corporate',75,'Not_Canceled\r',1,3,3,1,1),('INN00335','Meal Plan 1','Room_Type 4',2017,10,23,'Offline',75,'Not_Canceled\r',1,3,2,1,3),('INN00336','Meal Plan 1','Room_Type 1',2017,10,10,'Offline',76.67,'Not_Canceled\r',1,1,3,3,3),('INN00337','Meal Plan 1','Room_Type 1',2018,10,2,'Online',126,'Not_Canceled\r',3,3,1,1,3),('INN00338','Not Selected','Room_Type 1',2018,7,23,'Online',85.5,'Not_Canceled\r',2,2,2,1,1),('INN00339','Meal Plan 1','Room_Type 4',2018,8,18,'Online',140.7,'Canceled\r',2,2,3,5,1),('INN00340','Meal Plan 1','Room_Type 4',2018,6,26,'Online',103.7,'Not_Canceled\r',1,3,3,3,2),('INN00341','Meal Plan 1','Room_Type 1',2017,9,8,'Online',142,'Not_Canceled\r',1,3,1,1,1),('INN00342','Meal Plan 1','Room_Type 1',2018,12,21,'Online',103.7,'Not_Canceled\r',1,3,1,3,3),('INN00343','Meal Plan 1','Room_Type 1',2018,6,6,'Offline',110,'Not_Canceled\r',1,2,3,2,1),('INN00344','Meal Plan 1','Room_Type 1',2018,11,10,'Offline',75,'Not_Canceled\r',2,2,3,2,3),('INN00345','Meal Plan 1','Room_Type 4',2018,7,25,'Online',137.7,'Not_Canceled\r',1,3,1,4,2),('INN00346','Not Selected','Room_Type 1',2018,9,7,'Online',87.3,'Not_Canceled\r',2,3,3,4,2),('INN00347','Meal Plan 1','Room_Type 1',2018,8,24,'Complementary',0,'Not_Canceled\r',3,2,1,5,2),('INN00348','Meal Plan 2','Room_Type 1',2017,8,14,'Offline',101.5,'Not_Canceled\r',2,2,2,4,1),('INN00349','Meal Plan 1','Room_Type 1',2018,2,24,'Online',97,'Not_Canceled\r',1,3,2,5,3),('INN00350','Meal Plan 1','Room_Type 4',2018,8,15,'Online',150.3,'Not_Canceled\r',1,1,2,2,3),('INN00351','Meal Plan 1','Room_Type 1',2018,3,29,'Online',82.45,'Not_Canceled\r',3,2,1,5,2),('INN00352','Meal Plan 1','Room_Type 4',2018,7,1,'Corporate',103,'Not_Canceled\r',1,2,3,1,3),('INN00353','Meal Plan 1','Room_Type 1',2018,7,5,'Online',145,'Canceled\r',3,3,3,3,1),('INN00354','Meal Plan 1','Room_Type 1',2018,7,11,'Online',145,'Not_Canceled\r',3,3,2,4,3),('INN00355','Meal Plan 1','Room_Type 4',2018,5,14,'Online',134.85,'Not_Canceled\r',1,1,1,1,2),('INN00356','Meal Plan 1','Room_Type 6',2018,10,22,'Online',168.25,'Not_Canceled\r',2,2,3,5,1),('INN00357','Meal Plan 1','Room_Type 1',2018,2,28,'Online',60,'Canceled\r',3,3,3,3,1),('INN00358','Meal Plan 1','Room_Type 1',2018,6,13,'Offline',76,'Not_Canceled\r',3,3,3,2,2),('INN00359','Meal Plan 1','Room_Type 1',2017,8,10,'Offline',63.5,'Not_Canceled\r',1,1,1,3,2),('INN00360','Meal Plan 1','Room_Type 1',2018,9,18,'Offline',95,'Not_Canceled\r',3,2,2,4,2),('INN00361','Meal Plan 1','Room_Type 4',2018,9,3,'Offline',90.95,'Not_Canceled\r',1,2,3,2,3),('INN00362','Meal Plan 1','Room_Type 1',2017,10,16,'Online',98.4,'Not_Canceled\r',1,1,2,2,3),('INN00363','Meal Plan 1','Room_Type 1',2018,9,22,'Online',135.9,'Not_Canceled\r',2,3,2,4,1),('INN00364','Meal Plan 1','Room_Type 4',2018,11,16,'Online',130,'Not_Canceled\r',2,3,2,5,1),('INN00365','Meal Plan 1','Room_Type 4',2017,11,19,'Online',81.9,'Not_Canceled\r',3,1,1,4,3),('INN00366','Meal Plan 1','Room_Type 1',2018,2,22,'Online',78.85,'Not_Canceled\r',3,1,1,2,1),('INN00367','Meal Plan 2','Room_Type 1',2018,6,26,'Online',141.3,'Canceled\r',1,2,3,2,2),('INN00368','Meal Plan 1','Room_Type 1',2018,4,9,'Offline',70,'Not_Canceled\r',2,3,1,4,3),('INN00369','Meal Plan 2','Room_Type 1',2018,8,13,'Online',170.1,'Not_Canceled\r',2,3,2,2,1),('INN00370','Meal Plan 2','Room_Type 1',2018,10,23,'Online',115,'Canceled\r',2,2,3,4,3),('INN00371','Meal Plan 1','Room_Type 6',2017,12,29,'Online',199,'Not_Canceled\r',1,2,3,3,3),('INN00372','Meal Plan 1','Room_Type 4',2018,7,10,'Offline',82.45,'Not_Canceled\r',2,3,3,2,3),('INN00373','Meal Plan 1','Room_Type 7',2018,10,20,'Online',192.86,'Not_Canceled\r',3,2,3,5,2),('INN00374','Meal Plan 1','Room_Type 1',2017,9,25,'Offline',185,'Not_Canceled\r',3,3,1,4,2),('INN00375','Meal Plan 1','Room_Type 1',2018,12,10,'Online',68.07,'Not_Canceled\r',2,3,3,1,2),('INN00376','Meal Plan 1','Room_Type 1',2018,10,4,'Online',118.8,'Not_Canceled\r',3,3,1,5,3),('INN00377','Meal Plan 1','Room_Type 4',2018,10,27,'Online',104.4,'Canceled\r',2,1,1,4,2),('INN00378','Meal Plan 1','Room_Type 1',2018,3,23,'Corporate',65,'Not_Canceled\r',2,3,2,2,1),('INN00379','Not Selected','Room_Type 1',2018,3,3,'Online',71.1,'Canceled\r',1,2,3,4,2),('INN00380','Meal Plan 1','Room_Type 1',2018,5,21,'Offline',95,'Not_Canceled\r',1,2,3,3,1),('INN00381','Meal Plan 1','Room_Type 4',2018,9,13,'Online',116.62,'Canceled\r',1,1,2,2,1),('INN00382','Meal Plan 1','Room_Type 1',2018,9,7,'Online',136,'Not_Canceled\r',3,1,1,2,1),('INN00383','Meal Plan 1','Room_Type 6',2018,12,2,'Online',147.9,'Canceled\r',3,3,2,2,3),('INN00384','Not Selected','Room_Type 1',2018,9,18,'Offline',123.7,'Not_Canceled\r',3,2,1,4,1),('INN00385','Meal Plan 1','Room_Type 1',2018,6,19,'Online',135.9,'Canceled\r',1,2,1,3,2),('INN00386','Meal Plan 2','Room_Type 1',2017,10,16,'Offline',109,'Not_Canceled\r',3,1,3,1,3),('INN00387','Meal Plan 1','Room_Type 4',2018,3,20,'Online',186,'Not_Canceled\r',3,3,3,2,3),('INN00388','Meal Plan 1','Room_Type 4',2018,12,26,'Online',115.6,'Canceled\r',3,2,1,1,1),('INN00389','Meal Plan 1','Room_Type 6',2018,5,14,'Online',221,'Canceled\r',2,3,1,3,3),('INN00390','Meal Plan 1','Room_Type 1',2017,9,15,'Corporate',65,'Not_Canceled\r',1,1,1,1,1),('INN00391','Meal Plan 1','Room_Type 1',2018,2,19,'Corporate',80,'Not_Canceled\r',3,2,1,1,1),('INN00392','Meal Plan 1','Room_Type 1',2018,3,23,'Offline',73.83,'Not_Canceled\r',3,2,3,5,1),('INN00393','Meal Plan 1','Room_Type 1',2018,10,18,'Corporate',67,'Not_Canceled\r',1,1,2,3,2),('INN00394','Meal Plan 1','Room_Type 1',2018,3,4,'Online',80.3,'Not_Canceled\r',1,2,2,1,2),('INN00395','Not Selected','Room_Type 1',2018,4,30,'Offline',85,'Not_Canceled\r',2,1,2,1,3),('INN00396','Meal Plan 1','Room_Type 1',2018,7,23,'Online',152.1,'Canceled\r',3,1,3,4,3),('INN00397','Meal Plan 1','Room_Type 1',2017,9,9,'Online',89.25,'Not_Canceled\r',1,1,2,4,2),('INN00398','Meal Plan 2','Room_Type 1',2018,9,28,'Offline',110,'Not_Canceled\r',1,3,3,1,1),('INN00399','Meal Plan 1','Room_Type 1',2018,5,13,'Online',95,'Canceled\r',3,2,1,5,3),('INN00400','Not Selected','Room_Type 1',2018,3,18,'Online',79,'Not_Canceled\r',1,2,3,3,1),('INN00401','Meal Plan 1','Room_Type 1',2018,8,12,'Online',80,'Canceled\r',1,2,2,2,2),('INN00402','Meal Plan 1','Room_Type 1',2018,10,1,'Online',102.85,'Canceled\r',3,2,3,4,2),('INN00403','Meal Plan 1','Room_Type 1',2018,9,9,'Online',90,'Canceled\r',3,2,1,1,2),('INN00404','Meal Plan 1','Room_Type 2',2018,1,29,'Online',62.37,'Not_Canceled\r',1,1,1,2,2),('INN00405','Not Selected','Room_Type 1',2018,4,8,'Online',98,'Not_Canceled\r',3,1,1,4,3),('INN00406','Meal Plan 1','Room_Type 1',2017,9,17,'Online',117.67,'Canceled\r',2,3,2,4,2),('INN00407','Meal Plan 1','Room_Type 1',2018,6,18,'Online',141,'Not_Canceled\r',2,2,2,5,2),('INN00408','Meal Plan 1','Room_Type 6',2018,12,26,'Online',156.61,'Canceled\r',3,1,2,1,3),('INN00409','Meal Plan 1','Room_Type 4',2018,8,3,'Online',152.1,'Canceled\r',1,1,1,3,3),('INN00410','Meal Plan 1','Room_Type 1',2018,8,6,'Online',105.3,'Canceled\r',3,1,3,4,2),('INN00411','Meal Plan 1','Room_Type 1',2018,5,30,'Online',119.85,'Not_Canceled\r',1,3,1,5,2),('INN00412','Meal Plan 1','Room_Type 1',2018,11,4,'Online',97.2,'Not_Canceled\r',1,1,2,1,3),('INN00413','Not Selected','Room_Type 1',2018,5,13,'Online',116.1,'Not_Canceled\r',3,3,1,2,3),('INN00414','Meal Plan 1','Room_Type 4',2018,5,29,'Online',150.45,'Canceled\r',1,1,3,5,3),('INN00415','Meal Plan 1','Room_Type 1',2018,1,20,'Offline',71,'Not_Canceled\r',3,1,1,5,3),('INN00416','Meal Plan 1','Room_Type 1',2018,6,27,'Complementary',0,'Not_Canceled\r',1,3,3,3,3),('INN00417','Meal Plan 1','Room_Type 4',2017,12,7,'Offline',60,'Not_Canceled\r',3,3,1,5,3),('INN00418','Meal Plan 1','Room_Type 1',2018,4,5,'Corporate',89,'Not_Canceled\r',1,1,1,3,3),('INN00419','Meal Plan 2','Room_Type 1',2018,10,23,'Online',115,'Canceled\r',3,3,1,1,1),('INN00420','Meal Plan 1','Room_Type 1',2018,5,2,'Offline',100,'Not_Canceled\r',3,3,3,5,1),('INN00421','Not Selected','Room_Type 1',2018,11,14,'Online',75.9,'Canceled\r',3,1,3,2,3),('INN00422','Meal Plan 1','Room_Type 1',2017,10,2,'Offline',65,'Not_Canceled\r',2,2,2,1,3),('INN00423','Meal Plan 1','Room_Type 1',2018,5,29,'Online',104.55,'Not_Canceled\r',1,1,1,3,1),('INN00424','Meal Plan 1','Room_Type 1',2018,10,14,'Online',115,'Canceled\r',1,1,2,1,1),('INN00425','Meal Plan 1','Room_Type 4',2018,7,2,'Online',187,'Canceled\r',2,2,2,5,1),('INN00426','Meal Plan 1','Room_Type 1',2018,8,4,'Online',115,'Not_Canceled\r',2,1,3,2,3),('INN00427','Not Selected','Room_Type 1',2018,9,27,'Online',84.43,'Canceled\r',3,2,2,3,2),('INN00428','Meal Plan 1','Room_Type 1',2018,4,8,'Online',90.95,'Canceled\r',3,2,1,5,3),('INN00429','Meal Plan 2','Room_Type 4',2018,3,24,'Online',208,'Not_Canceled\r',2,1,1,5,2),('INN00430','Meal Plan 1','Room_Type 1',2018,9,3,'Online',97.18,'Canceled\r',2,1,3,1,3),('INN00431','Meal Plan 2','Room_Type 1',2017,10,21,'Offline',79.11,'Not_Canceled\r',1,2,3,3,2),('INN00432','Meal Plan 1','Room_Type 1',2018,5,13,'Complementary',0,'Not_Canceled\r',2,1,1,3,2),('INN00433','Meal Plan 1','Room_Type 4',2017,9,8,'Online',120,'Not_Canceled\r',3,3,1,5,2),('INN00434','Meal Plan 1','Room_Type 1',2017,10,20,'Online',126,'Not_Canceled\r',2,2,1,4,3),('INN00435','Meal Plan 1','Room_Type 1',2018,2,16,'Online',91,'Canceled\r',2,2,2,4,1),('INN00436','Meal Plan 2','Room_Type 1',2018,9,6,'Online',137,'Canceled\r',2,2,1,4,1),('INN00437','Meal Plan 1','Room_Type 1',2018,3,16,'Offline',67.32,'Not_Canceled\r',1,1,1,4,1),('INN00438','Meal Plan 1','Room_Type 1',2017,10,23,'Online',81.62,'Not_Canceled\r',2,2,1,2,1),('INN00439','Meal Plan 2','Room_Type 4',2018,10,24,'Online',123.66,'Not_Canceled\r',1,3,3,2,2),('INN00440','Not Selected','Room_Type 1',2018,8,6,'Online',94.5,'Not_Canceled\r',2,1,1,1,1),('INN00441','Meal Plan 1','Room_Type 1',2018,8,22,'Online',96.3,'Canceled\r',2,1,2,2,1),('INN00442','Meal Plan 1','Room_Type 1',2018,8,13,'Online',88.01,'Not_Canceled\r',1,2,3,5,1),('INN00443','Meal Plan 1','Room_Type 1',2018,3,10,'Online',81.9,'Not_Canceled\r',2,3,2,5,1),('INN00444','Meal Plan 1','Room_Type 1',2018,5,11,'Online',119.85,'Not_Canceled\r',3,2,3,5,1),('INN00445','Meal Plan 1','Room_Type 1',2017,10,23,'Offline',83.5,'Not_Canceled\r',2,3,2,3,1),('INN00446','Meal Plan 1','Room_Type 1',2018,4,1,'Corporate',67,'Not_Canceled\r',1,3,3,1,2),('INN00447','Meal Plan 1','Room_Type 4',2018,6,19,'Online',156,'Not_Canceled\r',3,3,3,4,3),('INN00448','Meal Plan 1','Room_Type 1',2017,10,13,'Offline',85,'Not_Canceled\r',2,3,2,2,3),('INN00449','Meal Plan 1','Room_Type 4',2018,4,4,'Online',126.75,'Canceled\r',2,3,2,3,2),('INN00450','Meal Plan 2','Room_Type 1',2018,6,6,'Online',115,'Canceled\r',2,2,2,3,1),('INN00451','Not Selected','Room_Type 1',2018,10,16,'Online',107.1,'Canceled\r',1,1,2,4,2),('INN00452','Meal Plan 1','Room_Type 1',2018,10,14,'Offline',120,'Not_Canceled\r',2,3,3,2,1),('INN00453','Meal Plan 1','Room_Type 1',2018,11,19,'Online',93.6,'Not_Canceled\r',2,2,1,3,1),('INN00454','Meal Plan 1','Room_Type 1',2018,6,8,'Offline',120,'Not_Canceled\r',3,3,2,4,2),('INN00455','Meal Plan 1','Room_Type 1',2018,6,8,'Offline',90,'Not_Canceled\r',1,3,3,2,1),('INN00456','Meal Plan 1','Room_Type 1',2018,9,6,'Online',137,'Canceled\r',1,1,2,4,3),('INN00457','Meal Plan 1','Room_Type 1',2018,10,31,'Online',106.43,'Canceled\r',2,2,1,1,2),('INN00458','Not Selected','Room_Type 1',2018,5,31,'Online',87.78,'Not_Canceled\r',3,2,1,3,2),('INN00459','Meal Plan 2','Room_Type 1',2017,9,18,'Offline',101.5,'Not_Canceled\r',2,1,3,4,3),('INN00460','Not Selected','Room_Type 1',2018,6,23,'Online',85.5,'Canceled\r',3,1,1,2,2),('INN00461','Meal Plan 1','Room_Type 1',2018,10,13,'Offline',95,'Not_Canceled\r',1,3,1,4,3),('INN00462','Meal Plan 1','Room_Type 4',2018,7,1,'Online',103.7,'Not_Canceled\r',1,2,1,1,2),('INN00463','Meal Plan 1','Room_Type 1',2017,8,26,'Corporate',65,'Not_Canceled\r',3,2,1,2,1),('INN00464','Meal Plan 1','Room_Type 1',2018,8,18,'Online',100.12,'Canceled\r',1,1,3,1,3),('INN00465','Meal Plan 2','Room_Type 1',2018,4,11,'Online',156.25,'Not_Canceled\r',2,3,3,3,1),('INN00466','Meal Plan 2','Room_Type 1',2018,5,13,'Online',101,'Canceled\r',3,2,3,1,2),('INN00467','Meal Plan 2','Room_Type 1',2018,7,4,'Online',161.1,'Not_Canceled\r',1,1,2,3,2),('INN00468','Not Selected','Room_Type 1',2018,12,8,'Online',83.8,'Not_Canceled\r',2,1,3,2,3),('INN00469','Meal Plan 1','Room_Type 1',2018,6,18,'Online',168,'Not_Canceled\r',1,1,1,4,3),('INN00470','Meal Plan 1','Room_Type 1',2017,12,27,'Offline',58,'Not_Canceled\r',2,1,1,2,1),('INN00471','Meal Plan 2','Room_Type 1',2017,8,8,'Offline',94.5,'Not_Canceled\r',1,2,1,4,3),('INN00472','Meal Plan 1','Room_Type 1',2017,12,9,'Online',96.3,'Not_Canceled\r',1,1,1,3,3),('INN00473','Meal Plan 1','Room_Type 1',2017,8,14,'Online',76.5,'Not_Canceled\r',3,1,1,4,3),('INN00474','Meal Plan 1','Room_Type 1',2018,4,8,'Offline',78,'Not_Canceled\r',2,2,2,2,2),('INN00475','Not Selected','Room_Type 1',2018,9,26,'Online',112.59,'Canceled\r',3,3,1,5,3),('INN00476','Meal Plan 1','Room_Type 7',2018,6,12,'Online',187.04,'Canceled\r',2,2,1,3,1),('INN00477','Meal Plan 1','Room_Type 1',2018,10,11,'Online',169,'Not_Canceled\r',1,2,1,5,2),('INN00478','Not Selected','Room_Type 1',2018,12,5,'Online',46.63,'Not_Canceled\r',1,2,2,4,1),('INN00479','Meal Plan 1','Room_Type 1',2018,8,25,'Offline',100,'Not_Canceled\r',1,1,1,2,1),('INN00480','Not Selected','Room_Type 1',2018,10,19,'Online',85.5,'Not_Canceled\r',3,3,2,1,3),('INN00481','Meal Plan 1','Room_Type 1',2018,6,15,'Online',130,'Canceled\r',1,1,3,1,3),('INN00482','Meal Plan 1','Room_Type 4',2018,7,8,'Online',146.7,'Not_Canceled\r',2,2,1,4,2),('INN00483','Meal Plan 1','Room_Type 1',2017,11,20,'Offline',73,'Not_Canceled\r',3,1,3,3,1),('INN00484','Meal Plan 1','Room_Type 6',2018,4,1,'Online',143.22,'Not_Canceled\r',1,2,2,2,1),('INN00485','Meal Plan 1','Room_Type 1',2017,10,22,'Online',89.25,'Not_Canceled\r',1,3,3,2,2),('INN00486','Not Selected','Room_Type 1',2018,9,19,'Offline',85,'Not_Canceled\r',1,3,2,3,1),('INN00487','Meal Plan 1','Room_Type 1',2018,2,28,'Complementary',6.5,'Not_Canceled\r',3,2,3,4,1),('INN00488','Meal Plan 1','Room_Type 2',2018,3,8,'Online',83.03,'Canceled\r',1,2,1,5,3),('INN00489','Meal Plan 1','Room_Type 1',2018,2,11,'Online',91,'Canceled\r',1,2,2,2,3),('INN00490','Not Selected','Room_Type 1',2018,4,10,'Online',80.75,'Not_Canceled\r',3,1,3,5,1),('INN00491','Meal Plan 1','Room_Type 1',2018,11,4,'Online',89,'Canceled\r',3,1,1,1,3),('INN00492','Meal Plan 1','Room_Type 1',2018,10,13,'Offline',105,'Not_Canceled\r',3,2,3,2,2),('INN00493','Meal Plan 1','Room_Type 1',2018,4,30,'Online',109.81,'Not_Canceled\r',3,1,3,2,1),('INN00494','Meal Plan 1','Room_Type 4',2018,12,5,'Online',70.88,'Not_Canceled\r',1,1,2,3,3),('INN00495','Not Selected','Room_Type 1',2018,11,23,'Online',83.6,'Not_Canceled\r',1,2,2,3,2),('INN00496','Meal Plan 1','Room_Type 1',2018,2,28,'Online',60,'Canceled\r',2,3,1,1,1),('INN00497','Meal Plan 1','Room_Type 1',2018,6,7,'Online',130,'Canceled\r',1,1,3,2,3),('INN00498','Meal Plan 1','Room_Type 1',2018,4,4,'Online',95,'Not_Canceled\r',1,3,2,5,3),('INN00499','Meal Plan 2','Room_Type 1',2018,4,6,'Offline',104,'Not_Canceled\r',1,2,3,3,3),('INN00500','Meal Plan 1','Room_Type 4',2018,2,11,'Offline',62,'Not_Canceled\r',3,3,1,4,1),('INN00501','Meal Plan 1','Room_Type 2',2018,4,23,'Offline',95,'Not_Canceled\r',1,3,3,3,2),('INN00502','Meal Plan 2','Room_Type 4',2018,2,28,'Online',145,'Not_Canceled\r',3,1,2,1,2),('INN00503','Meal Plan 1','Room_Type 1',2018,10,17,'Corporate',95,'Not_Canceled\r',2,2,2,1,1),('INN00504','Meal Plan 1','Room_Type 1',2018,6,24,'Offline',95,'Not_Canceled\r',3,3,3,5,2),('INN00505','Meal Plan 1','Room_Type 1',2018,6,18,'Offline',80.75,'Not_Canceled\r',1,1,2,3,2),('INN00506','Meal Plan 1','Room_Type 4',2018,8,30,'Online',142.2,'Not_Canceled\r',2,3,2,3,2),('INN00507','Meal Plan 1','Room_Type 4',2018,10,21,'Online',128.7,'Canceled\r',1,1,1,2,1),('INN00508','Meal Plan 1','Room_Type 1',2018,3,20,'Online',90.95,'Not_Canceled\r',3,3,3,2,1),('INN00509','Meal Plan 1','Room_Type 1',2018,11,18,'Online',93.6,'Not_Canceled\r',3,1,2,5,2),('INN00510','Meal Plan 1','Room_Type 4',2017,11,9,'Offline',60,'Not_Canceled\r',2,3,2,5,3),('INN00511','Meal Plan 1','Room_Type 1',2018,8,25,'Offline',90,'Not_Canceled\r',1,2,2,4,2),('INN00512','Not Selected','Room_Type 1',2017,12,5,'Online',95.4,'Not_Canceled\r',2,1,2,5,2),('INN00513','Meal Plan 1','Room_Type 1',2018,10,21,'Online',160,'Canceled\r',1,1,3,1,1),('INN00514','Meal Plan 1','Room_Type 4',2018,10,30,'Online',104.1,'Canceled\r',2,3,1,2,1),('INN00515','Meal Plan 2','Room_Type 1',2018,4,6,'Offline',104,'Not_Canceled\r',3,2,1,5,2),('INN00516','Meal Plan 1','Room_Type 1',2018,8,3,'Offline',109,'Not_Canceled\r',3,1,3,3,1),('INN00517','Meal Plan 1','Room_Type 4',2018,4,10,'Online',93.78,'Canceled\r',2,3,1,5,2),('INN00518','Meal Plan 1','Room_Type 1',2017,10,14,'Corporate',95,'Not_Canceled\r',3,1,3,1,1),('INN00519','Not Selected','Room_Type 1',2018,10,15,'Online',140,'Not_Canceled\r',2,3,1,4,1),('INN00520','Meal Plan 1','Room_Type 1',2017,12,24,'Online',87,'Not_Canceled\r',2,1,3,3,1),('INN00521','Meal Plan 1','Room_Type 4',2018,3,5,'Online',85.85,'Not_Canceled\r',1,1,2,5,1),('INN00522','Meal Plan 1','Room_Type 4',2018,3,24,'Online',99.45,'Not_Canceled\r',2,2,3,3,1),('INN00523','Meal Plan 1','Room_Type 4',2018,5,4,'Online',120.28,'Not_Canceled\r',3,2,2,3,3),('INN00524','Meal Plan 1','Room_Type 1',2018,6,14,'Offline',120,'Not_Canceled\r',2,3,1,4,1),('INN00525','Meal Plan 1','Room_Type 1',2018,4,3,'Online',77.77,'Not_Canceled\r',1,2,1,3,1),('INN00526','Meal Plan 1','Room_Type 1',2018,6,14,'Offline',120,'Not_Canceled\r',2,1,2,5,3),('INN00527','Not Selected','Room_Type 1',2018,6,10,'Online',116.1,'Not_Canceled\r',2,2,1,4,2),('INN00528','Meal Plan 2','Room_Type 4',2018,7,23,'Online',189,'Canceled\r',2,3,1,2,3),('INN00529','Meal Plan 1','Room_Type 4',2018,6,26,'Online',152.67,'Canceled\r',2,3,1,1,3),('INN00530','Meal Plan 1','Room_Type 1',2018,2,4,'Online',66.31,'Not_Canceled\r',1,1,1,5,1),('INN00531','Meal Plan 1','Room_Type 1',2017,9,10,'Online',95,'Not_Canceled\r',3,3,2,1,3),('INN00532','Meal Plan 1','Room_Type 1',2018,12,8,'Online',122,'Canceled\r',1,1,1,3,1),('INN00533','Meal Plan 1','Room_Type 1',2017,12,17,'Offline',58,'Not_Canceled\r',3,1,1,4,2),('INN00534','Meal Plan 1','Room_Type 1',2018,12,5,'Online',89.89,'Not_Canceled\r',2,3,3,3,1),('INN00535','Meal Plan 1','Room_Type 4',2018,6,21,'Online',156,'Not_Canceled\r',3,2,2,2,1),('INN00536','Meal Plan 1','Room_Type 4',2018,3,24,'Online',99.45,'Not_Canceled\r',3,1,1,1,1),('INN00537','Meal Plan 1','Room_Type 6',2018,8,31,'Online',172.8,'Canceled\r',2,2,3,2,3),('INN00538','Not Selected','Room_Type 1',2018,8,22,'Online',98.56,'Not_Canceled\r',1,2,1,4,3),('INN00539','Meal Plan 1','Room_Type 1',2018,3,10,'Online',71.1,'Canceled\r',1,3,2,1,2),('INN00540','Meal Plan 1','Room_Type 4',2018,3,30,'Online',128.06,'Canceled\r',1,2,2,5,1),('INN00541','Meal Plan 1','Room_Type 1',2018,11,19,'Complementary',0,'Not_Canceled\r',2,3,1,2,1),('INN00542','Meal Plan 1','Room_Type 1',2018,4,7,'Online',106,'Not_Canceled\r',3,1,2,4,1),('INN00543','Meal Plan 1','Room_Type 4',2018,9,27,'Online',130.61,'Canceled\r',2,1,1,3,3),('INN00544','Not Selected','Room_Type 1',2018,6,17,'Online',105.74,'Not_Canceled\r',2,3,1,3,1),('INN00545','Meal Plan 1','Room_Type 4',2018,6,10,'Online',136,'Not_Canceled\r',1,2,2,4,3),('INN00546','Meal Plan 1','Room_Type 1',2018,6,8,'Offline',120,'Not_Canceled\r',3,3,1,2,2),('INN00547','Not Selected','Room_Type 1',2018,12,2,'Online',74.8,'Not_Canceled\r',3,3,3,5,1),('INN00548','Meal Plan 2','Room_Type 1',2018,6,15,'Online',112,'Canceled\r',3,1,3,2,2),('INN00549','Meal Plan 1','Room_Type 1',2018,8,21,'Online',121.5,'Not_Canceled\r',1,2,3,3,2),('INN00550','Meal Plan 1','Room_Type 1',2017,10,7,'Offline',70,'Not_Canceled\r',2,1,3,5,3),('INN00551','Meal Plan 1','Room_Type 1',2018,11,29,'Offline',75,'Not_Canceled\r',3,2,1,1,1),('INN00552','Meal Plan 1','Room_Type 1',2018,1,2,'Offline',54,'Not_Canceled\r',2,3,3,2,1),('INN00553','Meal Plan 1','Room_Type 1',2018,3,25,'Online',100,'Canceled\r',2,2,1,3,3),('INN00554','Meal Plan 1','Room_Type 4',2018,4,23,'Complementary',0,'Not_Canceled\r',1,3,1,3,1),('INN00555','Meal Plan 1','Room_Type 6',2018,11,2,'Online',186.22,'Canceled\r',2,3,2,5,3),('INN00556','Not Selected','Room_Type 1',2018,11,13,'Online',79.2,'Not_Canceled\r',1,3,2,5,1),('INN00557','Meal Plan 1','Room_Type 1',2018,3,19,'Online',103,'Not_Canceled\r',1,1,1,3,1),('INN00558','Meal Plan 1','Room_Type 1',2017,9,25,'Offline',185,'Not_Canceled\r',3,2,2,2,3),('INN00559','Meal Plan 1','Room_Type 1',2017,10,20,'Online',135,'Not_Canceled\r',2,1,2,5,1),('INN00560','Meal Plan 2','Room_Type 1',2018,10,23,'Online',115,'Canceled\r',2,3,1,2,3),('INN00561','Meal Plan 2','Room_Type 1',2017,7,17,'Online',109,'Canceled\r',1,1,1,3,3),('INN00562','Meal Plan 1','Room_Type 1',2018,11,26,'Online',104,'Canceled\r',1,2,3,2,3),('INN00563','Meal Plan 1','Room_Type 4',2018,8,3,'Online',130.05,'Not_Canceled\r',2,3,1,1,3),('INN00564','Meal Plan 1','Room_Type 1',2018,9,5,'Online',100.3,'Canceled\r',3,1,3,1,1),('INN00565','Meal Plan 1','Room_Type 1',2018,6,15,'Online',130,'Canceled\r',2,1,3,4,3),('INN00566','Meal Plan 2','Room_Type 1',2017,10,16,'Offline',109,'Not_Canceled\r',2,2,2,3,1),('INN00567','Meal Plan 1','Room_Type 4',2018,10,7,'Online',139.5,'Canceled\r',1,1,1,5,2),('INN00568','Meal Plan 1','Room_Type 1',2018,2,3,'Corporate',66,'Not_Canceled\r',3,1,1,1,3),('INN00569','Meal Plan 1','Room_Type 1',2018,9,3,'Online',106.88,'Not_Canceled\r',3,3,3,2,1),('INN00570','Meal Plan 1','Room_Type 4',2018,9,16,'Online',149.4,'Not_Canceled\r',3,3,3,4,2),('INN00571','Meal Plan 1','Room_Type 1',2018,4,26,'Online',109.35,'Not_Canceled\r',3,2,2,2,2),('INN00572','Meal Plan 1','Room_Type 1',2018,11,3,'Online',89,'Canceled\r',2,2,2,2,3),('INN00573','Meal Plan 1','Room_Type 1',2018,4,9,'Online',115,'Not_Canceled\r',1,2,2,4,2),('INN00574','Meal Plan 1','Room_Type 1',2018,3,16,'Corporate',85.5,'Not_Canceled\r',3,2,3,4,3),('INN00575','Meal Plan 1','Room_Type 4',2018,4,20,'Online',90.95,'Not_Canceled\r',3,2,3,5,1),('INN00576','Meal Plan 1','Room_Type 4',2018,7,30,'Online',117.55,'Not_Canceled\r',3,1,1,1,3),('INN00577','Not Selected','Room_Type 1',2018,10,19,'Online',108,'Canceled\r',1,3,3,2,1),('INN00578','Meal Plan 1','Room_Type 4',2018,10,11,'Online',139.5,'Not_Canceled\r',2,2,2,1,1),('INN00579','Meal Plan 1','Room_Type 5',2018,9,13,'Online',129.88,'Canceled\r',2,2,1,5,2),('INN00580','Meal Plan 1','Room_Type 1',2017,12,30,'Offline',67,'Not_Canceled\r',3,1,2,1,2),('INN00581','Not Selected','Room_Type 1',2018,10,3,'Online',129,'Canceled\r',2,2,3,4,2),('INN00582','Meal Plan 1','Room_Type 1',2018,6,25,'Online',79.53,'Canceled\r',1,3,3,3,1),('INN00583','Meal Plan 1','Room_Type 1',2018,8,22,'Offline',72.25,'Not_Canceled\r',3,2,3,5,1),('INN00584','Meal Plan 2','Room_Type 1',2017,7,1,'Offline',80,'Not_Canceled\r',2,3,1,1,2),('INN00585','Meal Plan 1','Room_Type 1',2018,6,11,'Online',119.85,'Not_Canceled\r',2,2,3,2,3),('INN00586','Meal Plan 1','Room_Type 1',2017,11,2,'Online',117,'Not_Canceled\r',3,3,2,4,3),('INN00587','Meal Plan 2','Room_Type 4',2017,9,6,'Complementary',29,'Not_Canceled\r',2,1,2,4,2),('INN00588','Meal Plan 1','Room_Type 1',2018,9,2,'Online',118.8,'Not_Canceled\r',1,2,2,5,3),('INN00589','Meal Plan 1','Room_Type 1',2018,12,30,'Offline',192.03,'Not_Canceled\r',1,3,2,5,1),('INN00590','Meal Plan 1','Room_Type 1',2018,5,21,'Online',168.3,'Not_Canceled\r',1,3,2,3,2),('INN00591','Not Selected','Room_Type 1',2018,5,12,'Online',72.76,'Not_Canceled\r',2,3,3,2,2),('INN00592','Meal Plan 1','Room_Type 1',2018,12,8,'Offline',68,'Not_Canceled\r',2,1,3,5,1),('INN00593','Meal Plan 1','Room_Type 1',2018,1,6,'Online',89,'Not_Canceled\r',1,1,3,4,3),('INN00594','Meal Plan 1','Room_Type 4',2018,8,28,'Online',124.46,'Not_Canceled\r',2,1,2,5,3),('INN00595','Meal Plan 1','Room_Type 1',2018,3,13,'Corporate',70.33,'Not_Canceled\r',2,3,3,1,2),('INN00596','Meal Plan 1','Room_Type 4',2018,6,15,'Online',170.1,'Not_Canceled\r',1,3,1,5,2),('INN00597','Meal Plan 1','Room_Type 1',2018,6,17,'Online',75,'Canceled\r',2,1,3,2,1),('INN00598','Meal Plan 1','Room_Type 4',2018,6,29,'Online',125.25,'Not_Canceled\r',1,1,1,3,2),('INN00599','Meal Plan 1','Room_Type 1',2017,7,27,'Online',55.9,'Not_Canceled\r',3,2,2,1,2),('INN00600','Meal Plan 1','Room_Type 1',2018,6,20,'Online',126.9,'Canceled\r',2,3,1,3,2),('INN00601','Not Selected','Room_Type 1',2018,2,26,'Online',79,'Canceled\r',3,2,2,5,1),('INN00602','Meal Plan 1','Room_Type 1',2018,10,23,'Online',94.35,'Canceled\r',3,3,1,2,1),('INN00603','Meal Plan 2','Room_Type 1',2018,6,24,'Online',109,'Canceled\r',3,3,2,5,2),('INN00604','Meal Plan 1','Room_Type 4',2018,4,15,'Online',112.2,'Not_Canceled\r',1,1,1,2,3),('INN00605','Meal Plan 1','Room_Type 1',2017,10,1,'Corporate',109,'Not_Canceled\r',3,3,2,3,2),('INN00606','Meal Plan 1','Room_Type 1',2018,9,14,'Corporate',65,'Not_Canceled\r',3,2,3,2,3),('INN00607','Meal Plan 1','Room_Type 1',2018,4,28,'Offline',90,'Not_Canceled\r',1,2,2,5,3),('INN00608','Meal Plan 1','Room_Type 1',2018,7,14,'Offline',85,'Not_Canceled\r',3,2,2,2,2),('INN00609','Meal Plan 1','Room_Type 1',2018,12,28,'Online',168.73,'Not_Canceled\r',2,2,1,2,3),('INN00610','Meal Plan 1','Room_Type 1',2018,12,8,'Online',100.38,'Not_Canceled\r',1,3,3,3,3),('INN00611','Meal Plan 1','Room_Type 1',2018,7,27,'Online',99.45,'Canceled\r',3,1,2,3,2),('INN00612','Meal Plan 1','Room_Type 1',2018,9,27,'Corporate',160,'Not_Canceled\r',1,3,2,4,1),('INN00613','Meal Plan 1','Room_Type 1',2018,10,2,'Online',126,'Not_Canceled\r',2,3,3,4,3),('INN00614','Meal Plan 1','Room_Type 1',2018,8,1,'Offline',96.9,'Not_Canceled\r',2,1,3,4,2),('INN00615','Meal Plan 1','Room_Type 2',2017,10,17,'Online',95,'Not_Canceled\r',3,2,3,1,3),('INN00616','Meal Plan 1','Room_Type 1',2017,9,5,'Online',94.5,'Not_Canceled\r',2,2,3,5,1),('INN00617','Meal Plan 1','Room_Type 1',2017,9,7,'Offline',98.8,'Not_Canceled\r',1,1,1,3,1),('INN00618','Not Selected','Room_Type 1',2018,7,10,'Online',100.5,'Not_Canceled\r',2,2,3,2,1),('INN00619','Meal Plan 2','Room_Type 7',2018,6,19,'Complementary',0,'Not_Canceled\r',2,1,2,4,2),('INN00620','Meal Plan 1','Room_Type 1',2018,5,29,'Online',80.75,'Canceled\r',3,1,3,1,3),('INN00621','Meal Plan 2','Room_Type 1',2018,4,6,'Offline',104,'Not_Canceled\r',3,2,2,4,3),('INN00622','Meal Plan 1','Room_Type 1',2018,4,29,'Offline',89.75,'Not_Canceled\r',3,1,3,4,1),('INN00623','Meal Plan 1','Room_Type 6',2017,8,25,'Online',156,'Not_Canceled\r',1,1,2,4,3),('INN00624','Meal Plan 1','Room_Type 4',2018,6,11,'Online',136,'Not_Canceled\r',1,3,1,3,2),('INN00625','Meal Plan 1','Room_Type 1',2018,12,2,'Corporate',85,'Not_Canceled\r',2,1,3,1,3),('INN00626','Meal Plan 1','Room_Type 4',2017,10,14,'Online',87.54,'Not_Canceled\r',2,1,3,3,2),('INN00627','Meal Plan 1','Room_Type 1',2017,9,9,'Corporate',100,'Not_Canceled\r',2,1,1,1,1),('INN00628','Meal Plan 1','Room_Type 1',2018,10,1,'Online',108.9,'Canceled\r',3,2,3,3,1),('INN00629','Not Selected','Room_Type 1',2018,6,14,'Online',107.1,'Not_Canceled\r',1,2,3,4,2),('INN00630','Meal Plan 1','Room_Type 1',2018,4,4,'Online',80,'Canceled\r',3,2,2,3,3),('INN00631','Meal Plan 1','Room_Type 1',2018,5,5,'Online',90,'Canceled\r',2,1,2,4,2),('INN00632','Meal Plan 1','Room_Type 1',2018,5,12,'Online',105.3,'Not_Canceled\r',1,1,2,1,3),('INN00633','Not Selected','Room_Type 1',2018,2,11,'Online',80,'Not_Canceled\r',1,1,3,2,3),('INN00634','Meal Plan 1','Room_Type 4',2018,8,25,'Online',142.2,'Not_Canceled\r',1,3,1,5,2),('INN00635','Meal Plan 1','Room_Type 4',2018,4,5,'Online',131.4,'Not_Canceled\r',1,1,3,5,2),('INN00636','Meal Plan 1','Room_Type 1',2018,6,24,'Offline',95,'Not_Canceled\r',1,3,1,4,2),('INN00637','Meal Plan 1','Room_Type 1',2018,4,1,'Online',111,'Canceled\r',2,2,1,4,2),('INN00638','Meal Plan 1','Room_Type 1',2018,10,6,'Offline',85,'Not_Canceled\r',2,1,3,5,1),('INN00639','Meal Plan 1','Room_Type 4',2018,8,24,'Online',130.95,'Canceled\r',3,1,2,5,1),('INN00640','Meal Plan 2','Room_Type 1',2017,9,18,'Offline',101.5,'Not_Canceled\r',3,1,3,5,3),('INN00641','Meal Plan 1','Room_Type 1',2018,2,28,'Offline',82,'Not_Canceled\r',1,1,1,5,3),('INN00642','Meal Plan 1','Room_Type 1',2017,9,13,'Online',94.5,'Not_Canceled\r',1,3,1,3,3),('INN00643','Meal Plan 1','Room_Type 1',2018,8,28,'Online',109.8,'Canceled\r',2,3,1,1,1),('INN00644','Meal Plan 1','Room_Type 1',2018,7,10,'Online',72.25,'Canceled\r',2,1,1,2,3),('INN00645','Not Selected','Room_Type 1',2018,2,6,'Online',55.72,'Not_Canceled\r',3,1,1,4,2),('INN00646','Meal Plan 1','Room_Type 4',2018,10,17,'Online',158.4,'Canceled\r',3,3,2,5,1),('INN00647','Meal Plan 1','Room_Type 4',2018,3,30,'Offline',69,'Not_Canceled\r',1,3,3,2,2),('INN00648','Meal Plan 1','Room_Type 1',2018,10,13,'Offline',105,'Not_Canceled\r',3,1,1,4,2),('INN00649','Meal Plan 1','Room_Type 4',2018,12,29,'Online',219.6,'Canceled\r',3,3,2,4,3),('INN00650','Meal Plan 1','Room_Type 1',2018,1,8,'Offline',44.8,'Not_Canceled\r',3,3,3,5,3),('INN00651','Not Selected','Room_Type 1',2018,10,26,'Online',120,'Not_Canceled\r',3,1,2,4,2),('INN00652','Meal Plan 1','Room_Type 1',2018,3,25,'Online',100,'Canceled\r',1,2,2,4,1),('INN00653','Not Selected','Room_Type 1',2018,6,7,'Online',109,'Not_Canceled\r',3,2,3,4,3),('INN00654','Meal Plan 1','Room_Type 2',2018,8,19,'Online',115.68,'Not_Canceled\r',3,2,3,1,1),('INN00655','Meal Plan 1','Room_Type 1',2018,9,16,'Offline',75,'Not_Canceled\r',2,1,2,2,3),('INN00656','Meal Plan 2','Room_Type 5',2018,6,17,'Offline',134.1,'Not_Canceled\r',3,2,2,1,3),('INN00657','Meal Plan 1','Room_Type 4',2018,5,29,'Online',124.1,'Not_Canceled\r',1,3,1,3,3),('INN00658','Meal Plan 1','Room_Type 7',2018,8,17,'Online',214.75,'Not_Canceled\r',1,3,2,3,1),('INN00659','Meal Plan 1','Room_Type 1',2018,10,31,'Offline',75,'Not_Canceled\r',3,3,3,5,3),('INN00660','Meal Plan 1','Room_Type 1',2017,11,23,'Online',72.25,'Not_Canceled\r',1,1,3,5,3),('INN00661','Meal Plan 1','Room_Type 1',2018,3,7,'Corporate',80,'Not_Canceled\r',3,3,2,3,1),('INN00662','Meal Plan 1','Room_Type 1',2018,9,20,'Online',139,'Not_Canceled\r',3,1,1,3,1),('INN00663','Meal Plan 1','Room_Type 1',2018,1,28,'Corporate',66,'Not_Canceled\r',2,2,1,2,3),('INN00664','Meal Plan 1','Room_Type 1',2018,5,31,'Online',115.5,'Not_Canceled\r',2,2,3,3,2),('INN00665','Meal Plan 1','Room_Type 1',2018,8,8,'Online',195.5,'Not_Canceled\r',1,1,2,1,3),('INN00666','Meal Plan 2','Room_Type 1',2018,10,23,'Online',115,'Canceled\r',2,1,2,5,2),('INN00667','Meal Plan 2','Room_Type 1',2017,9,18,'Offline',84,'Not_Canceled\r',1,2,1,2,3),('INN00668','Not Selected','Room_Type 1',2018,10,16,'Online',107.8,'Not_Canceled\r',3,3,1,2,1),('INN00669','Meal Plan 1','Room_Type 1',2018,10,13,'Offline',105,'Not_Canceled\r',2,3,3,5,2),('INN00670','Meal Plan 1','Room_Type 1',2018,4,8,'Offline',78,'Not_Canceled\r',1,1,2,1,2),('INN00671','Meal Plan 2','Room_Type 1',2018,6,24,'Offline',90,'Not_Canceled\r',1,1,1,4,1),('INN00672','Not Selected','Room_Type 1',2018,7,9,'Online',105.3,'Canceled\r',2,3,3,5,1),('INN00673','Meal Plan 1','Room_Type 1',2018,2,25,'Online',80.3,'Not_Canceled\r',1,2,3,5,1),('INN00674','Meal Plan 2','Room_Type 1',2018,2,8,'Online',129,'Not_Canceled\r',3,2,1,3,3),('INN00675','Meal Plan 2','Room_Type 1',2018,6,24,'Online',115,'Canceled\r',1,1,1,2,1),('INN00676','Not Selected','Room_Type 1',2018,9,11,'Online',125.1,'Not_Canceled\r',2,2,1,2,2),('INN00677','Meal Plan 1','Room_Type 1',2018,2,27,'Online',103,'Not_Canceled\r',3,1,3,5,3),('INN00678','Not Selected','Room_Type 1',2018,5,1,'Online',125.1,'Not_Canceled\r',3,3,1,5,3),('INN00679','Not Selected','Room_Type 1',2018,6,17,'Online',96.17,'Canceled\r',3,3,3,2,2),('INN00680','Meal Plan 1','Room_Type 1',2017,9,25,'Offline',185,'Not_Canceled\r',2,1,1,1,2),('INN00681','Not Selected','Room_Type 1',2018,6,12,'Online',69.74,'Not_Canceled\r',3,1,3,1,1),('INN00682','Meal Plan 1','Room_Type 6',2018,7,9,'Online',172.55,'Canceled\r',2,1,2,5,1),('INN00683','Meal Plan 1','Room_Type 1',2018,1,28,'Online',95,'Not_Canceled\r',2,1,3,5,3),('INN00684','Meal Plan 2','Room_Type 1',2018,9,9,'Online',166.35,'Not_Canceled\r',2,1,1,4,1),('INN00685','Not Selected','Room_Type 1',2018,11,18,'Online',108,'Not_Canceled\r',1,2,1,3,3),('INN00686','Meal Plan 1','Room_Type 4',2018,3,21,'Online',102,'Not_Canceled\r',3,1,2,3,3),('INN00687','Meal Plan 1','Room_Type 7',2018,5,13,'Online',203.73,'Not_Canceled\r',3,3,2,2,3),('INN00688','Not Selected','Room_Type 1',2018,11,17,'Online',78.69,'Canceled\r',3,2,3,1,3),('INN00689','Not Selected','Room_Type 1',2018,11,3,'Online',79.2,'Canceled\r',2,3,2,4,2),('INN00690','Meal Plan 1','Room_Type 1',2018,3,16,'Online',76.5,'Not_Canceled\r',1,1,1,2,2),('INN00691','Meal Plan 1','Room_Type 1',2018,6,3,'Online',100,'Canceled\r',2,1,1,5,2),('INN00692','Meal Plan 1','Room_Type 1',2018,12,14,'Online',88.4,'Not_Canceled\r',1,2,1,1,3),('INN00693','Meal Plan 1','Room_Type 1',2018,7,6,'Online',110,'Canceled\r',3,3,1,2,1),('INN00694','Meal Plan 1','Room_Type 4',2018,10,28,'Online',109.8,'Canceled\r',2,3,2,2,2),('INN00695','Meal Plan 1','Room_Type 1',2018,12,3,'Offline',78.3,'Not_Canceled\r',3,2,2,3,2),('INN00696','Meal Plan 2','Room_Type 1',2017,7,1,'Online',101.5,'Canceled\r',1,2,2,1,1),('INN00697','Not Selected','Room_Type 1',2018,7,28,'Online',80.75,'Not_Canceled\r',1,3,3,4,3),('INN00698','Meal Plan 1','Room_Type 1',2018,12,25,'Online',104,'Not_Canceled\r',1,2,3,1,1),('INN00699','Not Selected','Room_Type 1',2018,3,15,'Online',51.19,'Not_Canceled\r',1,3,3,4,3),('INN00700','Meal Plan 1','Room_Type 1',2018,11,5,'Online',150,'Canceled\r',1,2,2,4,2),('INN00701','Meal Plan 1','Room_Type 4',2018,8,12,'Online',127.8,'Canceled\r',3,2,3,1,2),('INN00702','Not Selected','Room_Type 4',2017,9,17,'Online',115,'Not_Canceled\r',2,3,1,5,3),('INN00703','Meal Plan 1','Room_Type 4',2018,5,5,'Online',156,'Not_Canceled\r',1,1,1,1,2),('INN00704','Meal Plan 1','Room_Type 4',2018,12,23,'Online',130.9,'Canceled\r',3,1,3,5,2),('INN00705','Not Selected','Room_Type 1',2018,10,4,'Online',116.1,'Canceled\r',2,3,3,5,2),('INN00706','Not Selected','Room_Type 1',2018,9,11,'Online',71.69,'Not_Canceled\r',1,3,3,2,2),('INN00707','Meal Plan 2','Room_Type 1',2018,4,24,'Offline',98.5,'Not_Canceled\r',3,3,1,3,2),('INN00708','Not Selected','Room_Type 1',2018,7,13,'Online',94.5,'Not_Canceled\r',3,3,3,1,1),('INN00709','Meal Plan 1','Room_Type 1',2018,6,15,'Online',130,'Canceled\r',1,3,3,3,2),('INN00710','Meal Plan 1','Room_Type 1',2017,7,11,'Online',76.5,'Canceled\r',1,2,1,3,1),('INN00711','Meal Plan 1','Room_Type 1',2018,8,31,'Online',90.95,'Canceled\r',1,2,2,1,2),('INN00712','Meal Plan 1','Room_Type 1',2017,10,8,'Offline',72.75,'Not_Canceled\r',2,3,3,1,2),('INN00713','Meal Plan 1','Room_Type 1',2018,11,16,'Online',93,'Not_Canceled\r',2,1,3,2,1),('INN00714','Meal Plan 1','Room_Type 4',2018,9,16,'Online',168.3,'Not_Canceled\r',1,2,3,5,3),('INN00715','Meal Plan 1','Room_Type 1',2018,10,12,'Offline',75,'Not_Canceled\r',2,1,1,5,1),('INN00716','Meal Plan 1','Room_Type 1',2017,8,9,'Online',105,'Not_Canceled\r',3,1,3,4,3),('INN00717','Not Selected','Room_Type 1',2018,2,14,'Online',78.5,'Not_Canceled\r',2,2,1,2,3),('INN00718','Meal Plan 1','Room_Type 1',2018,7,2,'Online',119.7,'Canceled\r',2,3,2,1,3),('INN00719','Meal Plan 1','Room_Type 4',2018,9,7,'Online',168.3,'Canceled\r',3,1,1,1,3),('INN00720','Meal Plan 1','Room_Type 4',2018,5,27,'Online',197,'Not_Canceled\r',1,1,1,2,1),('INN00721','Meal Plan 1','Room_Type 1',2017,10,4,'Offline',91,'Not_Canceled\r',3,2,3,1,1),('INN00722','Meal Plan 1','Room_Type 1',2018,2,13,'Offline',85,'Not_Canceled\r',3,3,3,3,1),('INN00723','Not Selected','Room_Type 1',2018,2,5,'Online',81,'Canceled\r',1,1,3,1,1),('INN00724','Meal Plan 2','Room_Type 1',2017,9,4,'Offline',116,'Not_Canceled\r',3,2,3,5,1),('INN00725','Meal Plan 2','Room_Type 1',2018,8,18,'Online',115,'Canceled\r',2,3,1,4,3),('INN00726','Meal Plan 1','Room_Type 4',2018,2,15,'Online',106,'Not_Canceled\r',1,3,2,3,2),('INN00727','Meal Plan 1','Room_Type 4',2018,4,16,'Online',118.8,'Canceled\r',2,2,2,2,3),('INN00728','Meal Plan 1','Room_Type 4',2018,10,20,'Online',132.3,'Canceled\r',3,1,3,4,2),('INN00729','Meal Plan 1','Room_Type 4',2018,8,21,'Online',146.7,'Not_Canceled\r',3,2,1,2,2),('INN00730','Meal Plan 1','Room_Type 4',2018,3,2,'Online',86.8,'Not_Canceled\r',2,2,1,5,1),('INN00731','Meal Plan 2','Room_Type 1',2018,11,1,'Offline',98,'Not_Canceled\r',1,2,2,4,1),('INN00732','Meal Plan 1','Room_Type 1',2018,5,2,'Offline',100,'Not_Canceled\r',1,3,3,1,1),('INN00733','Meal Plan 1','Room_Type 6',2018,8,14,'Online',158.95,'Canceled\r',1,2,2,5,1),('INN00734','Meal Plan 1','Room_Type 4',2018,9,18,'Online',119.52,'Not_Canceled\r',2,1,1,2,1),('INN00735','Meal Plan 2','Room_Type 1',2018,5,3,'Offline',117,'Not_Canceled\r',1,3,1,5,3),('INN00736','Meal Plan 1','Room_Type 4',2018,4,27,'Online',140.67,'Canceled\r',2,3,1,3,3),('INN00737','Meal Plan 1','Room_Type 1',2017,10,15,'Online',94.95,'Not_Canceled\r',1,2,3,5,2),('INN00738','Not Selected','Room_Type 1',2018,5,11,'Online',109.65,'Canceled\r',3,1,1,5,2),('INN00739','Not Selected','Room_Type 1',2018,12,30,'Online',120,'Not_Canceled\r',3,2,3,5,3),('INN00740','Meal Plan 1','Room_Type 1',2018,3,18,'Online',67.22,'Not_Canceled\r',1,2,1,5,2),('INN00741','Meal Plan 1','Room_Type 2',2018,3,16,'Offline',62,'Not_Canceled\r',2,1,3,5,2),('INN00742','Not Selected','Room_Type 1',2018,3,4,'Online',91,'Not_Canceled\r',1,1,1,5,3),('INN00743','Meal Plan 1','Room_Type 1',2018,3,17,'Offline',68,'Not_Canceled\r',2,2,2,2,1),('INN00744','Meal Plan 1','Room_Type 1',2018,11,3,'Online',89,'Canceled\r',3,1,2,2,2),('INN00745','Meal Plan 2','Room_Type 1',2017,8,8,'Offline',94.5,'Not_Canceled\r',3,2,2,3,3),('INN00746','Meal Plan 1','Room_Type 4',2018,8,15,'Online',187,'Canceled\r',2,2,3,2,2),('INN00747','Meal Plan 2','Room_Type 1',2018,12,21,'Offline',122.65,'Not_Canceled\r',3,2,3,1,3),('INN00748','Meal Plan 1','Room_Type 1',2018,2,25,'Corporate',68,'Not_Canceled\r',2,3,1,1,2),('INN00749','Meal Plan 1','Room_Type 4',2018,3,19,'Online',131.4,'Canceled\r',3,1,1,3,2),('INN00750','Meal Plan 2','Room_Type 1',2018,4,15,'Online',149.4,'Canceled\r',1,2,2,4,2),('INN00751','Meal Plan 1','Room_Type 1',2018,5,24,'Corporate',100,'Not_Canceled\r',2,1,3,3,3),('INN00752','Meal Plan 2','Room_Type 1',2018,6,6,'Online',115,'Canceled\r',1,3,2,4,2),('INN00753','Meal Plan 1','Room_Type 1',2018,10,20,'Online',160,'Not_Canceled\r',2,2,1,4,1),('INN00754','Meal Plan 1','Room_Type 1',2018,4,16,'Online',127.67,'Not_Canceled\r',1,1,1,5,3),('INN00755','Not Selected','Room_Type 1',2018,12,7,'Online',79.2,'Not_Canceled\r',2,2,2,3,2),('INN00756','Meal Plan 1','Room_Type 1',2017,12,1,'Online',69,'Not_Canceled\r',3,2,3,4,2),('INN00757','Meal Plan 2','Room_Type 1',2018,9,21,'Online',117,'Canceled\r',2,3,2,4,3),('INN00758','Meal Plan 1','Room_Type 1',2017,10,10,'Online',70,'Canceled\r',1,2,3,1,2),('INN00759','Meal Plan 1','Room_Type 4',2018,3,8,'Online',114.3,'Not_Canceled\r',1,1,2,5,3),('INN00760','Meal Plan 1','Room_Type 1',2018,11,1,'Online',110,'Canceled\r',2,2,1,2,1),('INN00761','Meal Plan 1','Room_Type 6',2018,9,1,'Online',181.8,'Not_Canceled\r',2,2,2,2,2),('INN00762','Not Selected','Room_Type 1',2018,4,1,'Online',75.65,'Canceled\r',3,3,2,3,1),('INN00763','Meal Plan 1','Room_Type 1',2018,4,17,'Online',77.23,'Not_Canceled\r',2,1,2,5,1),('INN00764','Meal Plan 1','Room_Type 1',2018,1,3,'Offline',65,'Not_Canceled\r',3,3,3,5,2),('INN00765','Meal Plan 2','Room_Type 1',2018,7,21,'Online',115,'Canceled\r',1,2,2,5,3),('INN00766','Meal Plan 1','Room_Type 4',2017,9,7,'Online',118.8,'Canceled\r',3,3,1,4,1),('INN00767','Meal Plan 1','Room_Type 4',2018,5,31,'Online',127.48,'Not_Canceled\r',3,1,1,5,3),('INN00768','Meal Plan 1','Room_Type 4',2018,5,6,'Online',114.3,'Not_Canceled\r',3,3,3,1,1),('INN00769','Meal Plan 1','Room_Type 4',2018,12,3,'Offline',87.2,'Not_Canceled\r',3,1,2,1,1),('INN00770','Meal Plan 2','Room_Type 1',2017,7,1,'Online',101.5,'Canceled\r',3,3,3,3,1),('INN00771','Meal Plan 1','Room_Type 1',2017,10,2,'Offline',100,'Not_Canceled\r',3,3,3,1,1),('INN00772','Not Selected','Room_Type 1',2018,7,27,'Online',91.38,'Not_Canceled\r',1,1,1,4,3),('INN00773','Meal Plan 1','Room_Type 1',2018,8,1,'Online',119.71,'Canceled\r',1,1,1,5,1),('INN00774','Not Selected','Room_Type 1',2018,6,2,'Online',119,'Not_Canceled\r',2,2,1,5,3),('INN00775','Not Selected','Room_Type 1',2018,7,28,'Online',139,'Not_Canceled\r',3,2,2,5,2),('INN00776','Meal Plan 1','Room_Type 1',2018,8,29,'Online',109.8,'Not_Canceled\r',2,3,1,4,3),('INN00777','Meal Plan 1','Room_Type 1',2018,9,14,'Corporate',65,'Not_Canceled\r',3,3,2,4,3),('INN00778','Meal Plan 1','Room_Type 4',2018,7,2,'Online',131.4,'Canceled\r',1,2,2,2,1),('INN00779','Meal Plan 1','Room_Type 1',2018,4,12,'Online',96.3,'Not_Canceled\r',3,1,2,5,1),('INN00780','Meal Plan 1','Room_Type 1',2018,2,15,'Complementary',0,'Not_Canceled\r',3,3,1,1,1),('INN00781','Meal Plan 1','Room_Type 4',2018,4,20,'Online',137,'Not_Canceled\r',3,2,1,5,1),('INN00782','Meal Plan 1','Room_Type 1',2018,6,17,'Online',75,'Canceled\r',1,2,3,5,3),('INN00783','Meal Plan 1','Room_Type 1',2018,12,27,'Offline',92.65,'Not_Canceled\r',3,2,2,5,2),('INN00784','Meal Plan 1','Room_Type 1',2018,6,4,'Online',62.8,'Canceled\r',3,1,3,1,3),('INN00785','Meal Plan 1','Room_Type 1',2018,10,22,'Online',160,'Canceled\r',2,1,3,1,3),('INN00786','Meal Plan 2','Room_Type 1',2018,6,24,'Offline',90,'Not_Canceled\r',1,3,3,3,1),('INN00787','Meal Plan 1','Room_Type 1',2018,8,21,'Offline',81.26,'Not_Canceled\r',3,1,2,4,3),('INN00788','Meal Plan 1','Room_Type 1',2018,5,25,'Online',114.75,'Canceled\r',2,2,1,3,2),('INN00789','Meal Plan 1','Room_Type 1',2018,4,29,'Online',99.3,'Not_Canceled\r',2,2,3,2,2),('INN00790','Meal Plan 1','Room_Type 1',2018,10,3,'Corporate',89,'Not_Canceled\r',2,1,2,1,1),('INN00791','Meal Plan 1','Room_Type 1',2018,4,15,'Online',85,'Canceled\r',2,1,1,5,3),('INN00792','Meal Plan 1','Room_Type 1',2018,3,20,'Online',75,'Canceled\r',1,2,3,4,1),('INN00793','Meal Plan 1','Room_Type 1',2017,9,30,'Offline',102.6,'Not_Canceled\r',2,3,1,4,2),('INN00794','Meal Plan 1','Room_Type 4',2018,6,4,'Offline',90.95,'Not_Canceled\r',2,1,3,5,3),('INN00795','Meal Plan 2','Room_Type 1',2018,7,30,'Online',115,'Canceled\r',2,3,2,3,3),('INN00796','Meal Plan 1','Room_Type 1',2018,12,24,'Online',78.3,'Canceled\r',3,3,2,4,1),('INN00797','Meal Plan 1','Room_Type 1',2018,5,19,'Online',121.5,'Canceled\r',3,2,2,1,2),('INN00798','Meal Plan 1','Room_Type 1',2018,6,14,'Offline',120,'Not_Canceled\r',2,1,2,1,3),('INN00799','Meal Plan 1','Room_Type 1',2018,8,31,'Online',105.4,'Canceled\r',2,3,1,3,2),('INN00800','Meal Plan 1','Room_Type 4',2018,10,21,'Online',101.87,'Not_Canceled\r',1,2,1,4,1),('INN00801','Meal Plan 1','Room_Type 1',2018,9,28,'Corporate',65,'Not_Canceled\r',1,3,2,1,2),('INN00802','Meal Plan 1','Room_Type 1',2017,11,6,'Online',116,'Not_Canceled\r',3,2,1,2,1),('INN00803','Not Selected','Room_Type 1',2018,4,21,'Online',69.3,'Not_Canceled\r',1,3,3,3,3),('INN00804','Meal Plan 1','Room_Type 1',2017,9,30,'Online',90.25,'Not_Canceled\r',3,1,2,3,2),('INN00805','Meal Plan 1','Room_Type 1',2018,9,2,'Online',119.85,'Canceled\r',3,3,3,3,1),('INN00806','Meal Plan 1','Room_Type 1',2017,12,6,'Online',76.5,'Not_Canceled\r',1,1,1,2,3),('INN00807','Not Selected','Room_Type 1',2018,10,27,'Online',109,'Not_Canceled\r',1,3,3,2,2),('INN00808','Meal Plan 1','Room_Type 1',2018,5,21,'Online',126.9,'Not_Canceled\r',1,1,3,1,3),('INN00809','Meal Plan 1','Room_Type 1',2018,7,19,'Corporate',65,'Not_Canceled\r',2,2,2,2,1),('INN00810','Meal Plan 1','Room_Type 1',2018,1,2,'Online',86,'Not_Canceled\r',1,3,2,4,2),('INN00811','Not Selected','Room_Type 1',2018,7,14,'Online',139,'Not_Canceled\r',2,3,2,2,2),('INN00812','Meal Plan 1','Room_Type 2',2018,9,4,'Online',109.8,'Not_Canceled\r',1,1,3,1,2),('INN00813','Meal Plan 1','Room_Type 4',2018,5,12,'Online',132.6,'Canceled\r',2,3,1,1,2),('INN00814','Meal Plan 1','Room_Type 1',2018,6,10,'Offline',75.33,'Not_Canceled\r',3,2,3,1,3),('INN00815','Meal Plan 1','Room_Type 1',2017,9,9,'Corporate',65,'Not_Canceled\r',3,2,1,4,3),('INN00816','Meal Plan 1','Room_Type 1',2018,11,26,'Offline',68,'Not_Canceled\r',1,1,1,1,1),('INN00817','Meal Plan 1','Room_Type 1',2017,12,26,'Online',113.85,'Not_Canceled\r',3,2,3,5,1),('INN00818','Meal Plan 1','Room_Type 1',2018,4,12,'Online',96.3,'Not_Canceled\r',3,3,3,4,3),('INN00819','Not Selected','Room_Type 1',2018,12,29,'Online',79.5,'Canceled\r',2,1,1,4,1),('INN00820','Meal Plan 1','Room_Type 1',2017,11,10,'Corporate',40,'Not_Canceled\r',1,1,3,3,3),('INN00821','Meal Plan 1','Room_Type 1',2018,2,28,'Offline',76,'Not_Canceled\r',3,1,2,5,1),('INN00822','Meal Plan 1','Room_Type 4',2018,9,5,'Offline',90.95,'Not_Canceled\r',1,3,3,3,1),('INN00823','Meal Plan 2','Room_Type 1',2018,4,6,'Offline',104,'Not_Canceled\r',2,3,2,4,3),('INN00824','Meal Plan 2','Room_Type 1',2018,6,6,'Online',109,'Canceled\r',1,3,3,4,2),('INN00825','Meal Plan 2','Room_Type 1',2017,9,18,'Offline',109,'Not_Canceled\r',3,1,3,4,2),('INN00826','Meal Plan 1','Room_Type 1',2017,12,11,'Offline',75,'Not_Canceled\r',3,1,1,3,1),('INN00827','Meal Plan 1','Room_Type 4',2018,7,2,'Online',150.3,'Not_Canceled\r',1,3,2,5,3),('INN00828','Meal Plan 1','Room_Type 1',2018,6,8,'Offline',120,'Not_Canceled\r',1,2,1,2,1),('INN00829','Meal Plan 2','Room_Type 1',2017,7,11,'Offline',94.5,'Not_Canceled\r',3,1,1,5,2),('INN00830','Not Selected','Room_Type 1',2018,8,21,'Online',103.5,'Canceled\r',1,1,3,1,3),('INN00831','Meal Plan 1','Room_Type 1',2018,11,1,'Online',110,'Canceled\r',1,1,1,2,2),('INN00832','Meal Plan 1','Room_Type 1',2018,4,8,'Online',78,'Canceled\r',1,2,3,5,2),('INN00833','Meal Plan 1','Room_Type 1',2018,3,11,'Offline',85,'Not_Canceled\r',2,1,1,4,3),('INN00834','Meal Plan 1','Room_Type 1',2017,10,1,'Complementary',0,'Not_Canceled\r',3,3,1,4,2),('INN00835','Meal Plan 1','Room_Type 1',2018,6,10,'Offline',130,'Not_Canceled\r',2,3,1,4,1),('INN00836','Meal Plan 1','Room_Type 6',2018,5,26,'Online',187.85,'Canceled\r',1,1,2,5,1),('INN00837','Meal Plan 1','Room_Type 4',2018,8,24,'Online',168.3,'Not_Canceled\r',1,3,1,4,3),('INN00838','Not Selected','Room_Type 1',2018,11,16,'Online',74.8,'Not_Canceled\r',3,3,1,3,2),('INN00839','Meal Plan 1','Room_Type 4',2018,4,21,'Online',112.2,'Canceled\r',2,2,3,5,3),('INN00840','Meal Plan 1','Room_Type 4',2018,1,4,'Online',106,'Not_Canceled\r',2,1,1,5,2),('INN00841','Meal Plan 1','Room_Type 4',2018,9,30,'Online',134.46,'Canceled\r',2,3,2,4,3),('INN00842','Meal Plan 1','Room_Type 1',2018,9,12,'Online',108,'Not_Canceled\r',1,1,2,1,2),('INN00843','Meal Plan 1','Room_Type 1',2017,11,3,'Online',90.95,'Not_Canceled\r',1,1,2,5,1),('INN00844','Not Selected','Room_Type 1',2018,2,21,'Online',79,'Canceled\r',2,2,1,4,1),('INN00845','Meal Plan 1','Room_Type 4',2018,9,16,'Online',168.3,'Not_Canceled\r',2,1,2,3,1),('INN00846','Meal Plan 2','Room_Type 1',2017,9,18,'Offline',101.5,'Not_Canceled\r',1,3,1,2,2),('INN00847','Meal Plan 2','Room_Type 1',2017,9,17,'Offline',82,'Not_Canceled\r',3,1,2,2,1),('INN00848','Meal Plan 1','Room_Type 1',2018,5,24,'Corporate',110,'Not_Canceled\r',1,2,1,3,3),('INN00849','Meal Plan 1','Room_Type 1',2017,8,20,'Online',106,'Not_Canceled\r',3,3,1,2,3),('INN00850','Meal Plan 2','Room_Type 1',2018,8,22,'Online',102.25,'Canceled\r',1,3,2,1,3),('INN00851','Meal Plan 1','Room_Type 1',2018,6,23,'Offline',95,'Not_Canceled\r',1,2,3,4,3),('INN00852','Meal Plan 1','Room_Type 1',2017,10,7,'Corporate',85.5,'Not_Canceled\r',1,3,1,2,1),('INN00853','Meal Plan 1','Room_Type 1',2018,2,26,'Online',102.37,'Not_Canceled\r',2,1,1,2,3),('INN00854','Not Selected','Room_Type 1',2018,6,17,'Online',129,'Not_Canceled\r',2,3,1,5,2),('INN00855','Meal Plan 1','Room_Type 1',2017,8,19,'Online',106,'Not_Canceled\r',1,1,1,2,1),('INN00856','Meal Plan 1','Room_Type 4',2018,11,4,'Online',102.6,'Not_Canceled\r',1,3,2,5,1),('INN00857','Meal Plan 1','Room_Type 1',2017,10,28,'Online',92.4,'Not_Canceled\r',2,1,3,4,1),('INN00858','Not Selected','Room_Type 1',2018,3,7,'Online',82.1,'Not_Canceled\r',2,3,2,3,1),('INN00859','Meal Plan 1','Room_Type 1',2018,7,10,'Online',105.3,'Canceled\r',3,3,2,5,3),('INN00860','Meal Plan 1','Room_Type 1',2018,10,12,'Online',135,'Canceled\r',2,3,2,5,1),('INN00861','Meal Plan 1','Room_Type 1',2018,6,7,'Online',130,'Canceled\r',3,2,2,5,2),('INN00862','Not Selected','Room_Type 1',2018,4,2,'Online',76.5,'Canceled\r',3,3,2,1,1),('INN00863','Not Selected','Room_Type 1',2018,5,8,'Online',108,'Not_Canceled\r',3,2,2,1,1),('INN00864','Meal Plan 1','Room_Type 1',2018,12,2,'Corporate',85,'Not_Canceled\r',2,1,2,3,2),('INN00865','Meal Plan 1','Room_Type 4',2018,10,10,'Offline',107,'Not_Canceled\r',1,1,3,1,1),('INN00866','Meal Plan 1','Room_Type 1',2018,12,2,'Corporate',85,'Not_Canceled\r',2,1,3,4,2),('INN00867','Meal Plan 1','Room_Type 1',2018,2,4,'Online',73.95,'Canceled\r',3,3,3,3,2),('INN00868','Meal Plan 1','Room_Type 1',2018,3,4,'Online',88.4,'Not_Canceled\r',1,3,3,1,3),('INN00869','Meal Plan 1','Room_Type 1',2018,4,13,'Corporate',67,'Not_Canceled\r',2,2,2,3,3),('INN00870','Meal Plan 1','Room_Type 4',2018,3,8,'Corporate',76,'Not_Canceled\r',1,2,2,4,2),('INN00871','Meal Plan 1','Room_Type 1',2018,5,22,'Offline',81,'Not_Canceled\r',2,2,1,1,3),('INN00872','Meal Plan 2','Room_Type 1',2018,9,30,'Online',160,'Canceled\r',2,2,1,5,2),('INN00873','Meal Plan 1','Room_Type 1',2018,10,30,'Online',150,'Not_Canceled\r',1,2,2,5,1),('INN00874','Meal Plan 1','Room_Type 1',2018,10,13,'Offline',90,'Not_Canceled\r',3,1,2,2,1),('INN00875','Meal Plan 2','Room_Type 1',2017,9,22,'Offline',106,'Not_Canceled\r',3,1,2,3,1),('INN00876','Not Selected','Room_Type 1',2018,5,1,'Online',89.25,'Canceled\r',3,3,2,2,3),('INN00877','Not Selected','Room_Type 1',2018,4,3,'Online',94,'Not_Canceled\r',2,2,1,4,1),('INN00878','Meal Plan 1','Room_Type 1',2018,10,11,'Online',120,'Canceled\r',2,1,1,1,1),('INN00879','Not Selected','Room_Type 1',2018,9,15,'Online',125.1,'Not_Canceled\r',1,1,1,3,3),('INN00880','Meal Plan 1','Room_Type 4',2017,11,6,'Offline',60,'Not_Canceled\r',1,2,2,2,2),('INN00881','Meal Plan 1','Room_Type 1',2018,12,18,'Offline',75,'Not_Canceled\r',1,2,2,3,1),('INN00882','Meal Plan 1','Room_Type 1',2018,5,24,'Corporate',125.1,'Not_Canceled\r',1,1,2,5,1),('INN00883','Meal Plan 1','Room_Type 4',2018,12,22,'Online',96.9,'Not_Canceled\r',3,3,1,1,3),('INN00884','Meal Plan 1','Room_Type 4',2018,2,12,'Offline',93.8,'Not_Canceled\r',3,2,2,2,3),('INN00885','Meal Plan 1','Room_Type 1',2018,9,6,'Online',98.1,'Canceled\r',3,1,2,5,2),('INN00886','Meal Plan 1','Room_Type 1',2018,2,7,'Online',64.64,'Not_Canceled\r',2,3,1,1,3),('INN00887','Meal Plan 1','Room_Type 1',2018,7,18,'Offline',105,'Not_Canceled\r',1,1,1,1,3),('INN00888','Meal Plan 1','Room_Type 1',2018,10,16,'Online',90,'Canceled\r',3,2,1,5,3),('INN00889','Meal Plan 1','Room_Type 1',2018,3,25,'Offline',74.8,'Not_Canceled\r',2,3,3,2,1),('INN00890','Meal Plan 1','Room_Type 1',2018,7,12,'Online',90.95,'Canceled\r',3,2,3,1,1),('INN00891','Meal Plan 1','Room_Type 1',2017,9,21,'Offline',59.5,'Not_Canceled\r',1,1,2,2,2),('INN00892','Meal Plan 2','Room_Type 1',2017,7,18,'Online',94.5,'Canceled\r',2,3,1,3,1),('INN00893','Meal Plan 1','Room_Type 4',2018,6,2,'Online',140.4,'Canceled\r',3,2,3,3,2),('INN00894','Meal Plan 1','Room_Type 1',2018,7,6,'Online',110,'Canceled\r',2,3,3,2,2),('INN00895','Meal Plan 1','Room_Type 1',2018,10,3,'Corporate',95,'Not_Canceled\r',1,2,1,4,3),('INN00896','Meal Plan 2','Room_Type 1',2017,8,14,'Offline',109,'Not_Canceled\r',1,2,3,2,2),('INN00897','Not Selected','Room_Type 1',2017,12,6,'Offline',66,'Not_Canceled\r',3,1,3,2,3),('INN00898','Meal Plan 1','Room_Type 1',2018,10,6,'Complementary',0,'Not_Canceled\r',2,1,3,1,3),('INN00899','Meal Plan 1','Room_Type 1',2018,3,4,'Online',88.33,'Canceled\r',2,3,3,4,2),('INN00900','Meal Plan 1','Room_Type 1',2018,10,13,'Offline',105,'Not_Canceled\r',3,1,2,4,1),('INN00901','Meal Plan 1','Room_Type 1',2018,5,13,'Online',95,'Canceled\r',1,2,3,3,3),('INN00902','Meal Plan 1','Room_Type 1',2018,5,31,'Online',143.1,'Canceled\r',1,1,3,1,3),('INN00903','Meal Plan 2','Room_Type 1',2017,10,6,'Online',114,'Canceled\r',2,2,1,4,1),('INN00904','Meal Plan 1','Room_Type 1',2017,9,16,'Offline',75.6,'Not_Canceled\r',3,2,3,4,1),('INN00905','Meal Plan 1','Room_Type 1',2018,9,27,'Online',135.9,'Not_Canceled\r',1,1,2,3,2),('INN00906','Meal Plan 1','Room_Type 1',2018,10,1,'Online',108.9,'Canceled\r',3,2,3,5,3),('INN00907','Meal Plan 1','Room_Type 1',2018,1,8,'Offline',70,'Not_Canceled\r',1,2,3,2,3),('INN00908','Meal Plan 1','Room_Type 1',2018,11,12,'Online',93.6,'Canceled\r',3,3,2,1,1),('INN00909','Not Selected','Room_Type 1',2018,7,27,'Online',125.1,'Not_Canceled\r',1,3,2,2,3),('INN00910','Meal Plan 2','Room_Type 1',2018,8,12,'Offline',73,'Not_Canceled\r',3,3,2,4,1),('INN00911','Meal Plan 1','Room_Type 1',2017,9,21,'Offline',67,'Not_Canceled\r',3,1,1,4,2),('INN00912','Meal Plan 1','Room_Type 1',2017,12,30,'Offline',70,'Not_Canceled\r',1,2,1,4,1),('INN00913','Meal Plan 1','Room_Type 4',2018,6,5,'Online',115.2,'Canceled\r',3,3,3,1,2),('INN00914','Meal Plan 1','Room_Type 1',2018,11,2,'Offline',75,'Not_Canceled\r',1,1,3,4,1),('INN00915','Meal Plan 2','Room_Type 1',2017,9,4,'Offline',116,'Not_Canceled\r',2,2,3,5,1),('INN00916','Meal Plan 1','Room_Type 1',2018,1,3,'Online',81,'Not_Canceled\r',3,3,2,1,3),('INN00917','Meal Plan 1','Room_Type 1',2017,9,20,'Online',92.4,'Not_Canceled\r',3,2,1,1,1),('INN00918','Meal Plan 1','Room_Type 1',2018,6,23,'Online',69.84,'Not_Canceled\r',1,2,3,4,3),('INN00919','Meal Plan 1','Room_Type 1',2017,9,24,'Offline',87.5,'Not_Canceled\r',3,3,3,3,2),('INN00920','Meal Plan 1','Room_Type 1',2018,1,15,'Online',55.59,'Not_Canceled\r',3,2,1,2,2),('INN00921','Meal Plan 1','Room_Type 1',2017,9,14,'Online',101.83,'Not_Canceled\r',1,2,1,1,1),('INN00922','Meal Plan 1','Room_Type 1',2018,9,8,'Online',125.1,'Canceled\r',3,2,2,3,2),('INN00923','Meal Plan 1','Room_Type 1',2018,7,11,'Corporate',79,'Not_Canceled\r',1,1,2,5,3),('INN00924','Meal Plan 1','Room_Type 4',2018,12,27,'Online',122.4,'Not_Canceled\r',3,2,3,3,2),('INN00925','Meal Plan 1','Room_Type 4',2018,8,15,'Online',112.2,'Canceled\r',3,3,2,3,2),('INN00926','Meal Plan 1','Room_Type 4',2018,9,15,'Online',113.34,'Not_Canceled\r',3,2,2,1,1),('INN00927','Not Selected','Room_Type 1',2018,10,3,'Online',126,'Canceled\r',2,2,1,3,2),('INN00928','Meal Plan 2','Room_Type 1',2018,10,23,'Offline',112.25,'Not_Canceled\r',1,1,2,3,1),('INN00929','Meal Plan 1','Room_Type 4',2018,5,13,'Online',159.3,'Canceled\r',3,1,2,5,2),('INN00930','Meal Plan 1','Room_Type 1',2017,10,18,'Offline',85,'Not_Canceled\r',1,3,1,3,2),('INN00931','Meal Plan 1','Room_Type 4',2018,5,10,'Online',146,'Not_Canceled\r',1,1,3,3,2),('INN00932','Meal Plan 1','Room_Type 1',2018,11,1,'Offline',75,'Not_Canceled\r',3,3,1,1,2),('INN00933','Meal Plan 1','Room_Type 1',2018,10,14,'Online',115,'Canceled\r',1,3,1,4,1),('INN00934','Meal Plan 1','Room_Type 1',2018,6,16,'Online',168.5,'Not_Canceled\r',2,3,1,1,2),('INN00935','Meal Plan 1','Room_Type 1',2017,8,27,'Online',80,'Canceled\r',2,1,2,2,1),('INN00936','Meal Plan 1','Room_Type 1',2018,9,15,'Online',159,'Not_Canceled\r',1,1,3,5,2),('INN00937','Meal Plan 1','Room_Type 4',2018,5,4,'Online',156,'Not_Canceled\r',1,1,1,5,3),('INN00938','Meal Plan 1','Room_Type 2',2018,1,14,'Online',6.67,'Not_Canceled\r',1,3,2,3,3),('INN00939','Meal Plan 2','Room_Type 1',2017,10,16,'Online',80,'Canceled\r',3,3,3,2,2),('INN00940','Meal Plan 1','Room_Type 1',2018,9,23,'Online',128.8,'Not_Canceled\r',3,2,2,2,1),('INN00941','Meal Plan 1','Room_Type 1',2017,10,25,'Online',71.64,'Not_Canceled\r',3,2,1,3,3),('INN00942','Meal Plan 1','Room_Type 1',2018,2,3,'Online',80.3,'Not_Canceled\r',1,2,3,2,1),('INN00943','Meal Plan 1','Room_Type 1',2017,8,5,'Corporate',65,'Not_Canceled\r',3,3,1,2,2),('INN00944','Meal Plan 1','Room_Type 1',2017,10,3,'Online',74.15,'Not_Canceled\r',3,3,2,5,2),('INN00945','Meal Plan 1','Room_Type 1',2017,9,19,'Online',124,'Not_Canceled\r',2,2,2,2,3),('INN00946','Meal Plan 1','Room_Type 4',2018,3,8,'Corporate',75,'Canceled\r',2,1,2,5,2),('INN00947','Meal Plan 1','Room_Type 4',2018,8,20,'Online',168.3,'Not_Canceled\r',2,2,1,2,2),('INN00948','Meal Plan 1','Room_Type 1',2017,10,29,'Offline',85,'Not_Canceled\r',3,2,3,5,1),('INN00949','Meal Plan 1','Room_Type 2',2017,8,5,'Online',67.5,'Canceled\r',3,3,1,5,3),('INN00950','Meal Plan 2','Room_Type 1',2018,5,24,'Offline',160,'Not_Canceled\r',2,2,3,4,3),('INN00951','Not Selected','Room_Type 1',2018,3,28,'Online',80.1,'Canceled\r',3,3,2,5,1),('INN00952','Meal Plan 1','Room_Type 1',2018,11,16,'Offline',75,'Not_Canceled\r',3,1,1,4,1),('INN00953','Meal Plan 1','Room_Type 1',2018,5,21,'Online',126.9,'Not_Canceled\r',3,2,3,1,3),('INN00954','Meal Plan 1','Room_Type 1',2018,10,15,'Online',115,'Canceled\r',2,3,3,5,1),('INN00955','Meal Plan 1','Room_Type 2',2018,10,29,'Online',81.5,'Not_Canceled\r',2,1,3,4,2),('INN00956','Meal Plan 1','Room_Type 4',2018,8,3,'Online',166,'Not_Canceled\r',3,3,3,4,2),('INN00957','Meal Plan 1','Room_Type 1',2018,11,6,'Online',143.3,'Not_Canceled\r',2,2,2,5,3),('INN00958','Meal Plan 2','Room_Type 6',2018,4,24,'Online',228.6,'Canceled\r',3,2,1,1,3),('INN00959','Meal Plan 1','Room_Type 4',2018,6,26,'Offline',107,'Not_Canceled\r',3,3,3,3,3),('INN00960','Meal Plan 1','Room_Type 1',2018,8,20,'Online',130,'Not_Canceled\r',2,1,1,3,3),('INN00961','Meal Plan 1','Room_Type 1',2018,1,20,'Online',96,'Not_Canceled\r',2,2,3,4,1),('INN00962','Not Selected','Room_Type 1',2018,9,10,'Online',91.51,'Not_Canceled\r',2,3,1,3,1),('INN00963','Meal Plan 1','Room_Type 1',2017,8,30,'Online',90,'Not_Canceled\r',2,2,1,5,1),('INN00964','Meal Plan 2','Room_Type 1',2018,9,26,'Online',107,'Canceled\r',3,1,3,1,3),('INN00965','Meal Plan 1','Room_Type 1',2018,4,20,'Offline',80,'Not_Canceled\r',1,3,2,3,2),('INN00966','Meal Plan 1','Room_Type 1',2018,7,6,'Online',110,'Canceled\r',3,3,3,1,2),('INN00967','Not Selected','Room_Type 1',2018,6,21,'Online',114.9,'Not_Canceled\r',1,2,1,4,1),('INN00968','Meal Plan 2','Room_Type 1',2018,6,16,'Offline',90,'Not_Canceled\r',1,2,1,4,1),('INN00969','Meal Plan 1','Room_Type 1',2018,4,6,'Online',75,'Canceled\r',2,3,1,4,2),('INN00970','Meal Plan 1','Room_Type 1',2018,6,24,'Offline',95,'Not_Canceled\r',2,1,3,2,2),('INN00971','Meal Plan 1','Room_Type 1',2017,9,21,'Online',124,'Not_Canceled\r',1,1,2,2,2),('INN00972','Not Selected','Room_Type 1',2018,9,27,'Online',118.8,'Not_Canceled\r',3,1,3,5,2),('INN00973','Meal Plan 1','Room_Type 1',2018,3,2,'Online',101,'Not_Canceled\r',2,2,3,3,3),('INN00974','Meal Plan 1','Room_Type 4',2018,6,22,'Online',131,'Not_Canceled\r',2,1,2,5,1),('INN00975','Meal Plan 1','Room_Type 1',2018,11,25,'Online',90,'Not_Canceled\r',3,2,3,1,3),('INN00976','Meal Plan 1','Room_Type 1',2017,12,4,'Offline',65,'Not_Canceled\r',3,2,2,4,2),('INN00977','Meal Plan 1','Room_Type 4',2018,7,26,'Online',146.7,'Not_Canceled\r',2,3,1,2,3),('INN00978','Meal Plan 1','Room_Type 1',2017,10,2,'Offline',100,'Not_Canceled\r',3,1,1,4,2),('INN00979','Meal Plan 1','Room_Type 1',2018,6,29,'Online',118.8,'Not_Canceled\r',1,1,3,3,2),('INN00980','Not Selected','Room_Type 1',2018,2,22,'Online',69.9,'Canceled\r',2,2,3,1,3),('INN00981','Meal Plan 1','Room_Type 1',2018,9,18,'Offline',85.5,'Not_Canceled\r',1,3,3,4,1),('INN00982','Meal Plan 1','Room_Type 4',2018,3,23,'Online',169,'Not_Canceled\r',3,3,2,4,2),('INN00983','Meal Plan 1','Room_Type 1',2018,7,1,'Online',126.9,'Not_Canceled\r',2,3,3,4,1),('INN00984','Meal Plan 1','Room_Type 1',2018,8,4,'Offline',85,'Not_Canceled\r',3,2,3,5,2),('INN00985','Meal Plan 1','Room_Type 1',2017,9,7,'Online',114.5,'Not_Canceled\r',2,2,3,3,3),('INN00986','Not Selected','Room_Type 1',2017,9,18,'Online',141.53,'Not_Canceled\r',3,2,3,1,2),('INN00987','Meal Plan 1','Room_Type 1',2018,3,23,'Online',88.7,'Not_Canceled\r',3,3,2,3,3),('INN00988','Meal Plan 1','Room_Type 1',2017,9,10,'Online',89.25,'Not_Canceled\r',1,2,3,1,3),('INN00989','Meal Plan 1','Room_Type 4',2017,8,3,'Complementary',0,'Not_Canceled\r',1,3,3,2,2),('INN00990','Not Selected','Room_Type 1',2018,11,7,'Online',161.1,'Not_Canceled\r',1,1,2,2,3),('INN00991','Not Selected','Room_Type 1',2018,2,19,'Online',81,'Not_Canceled\r',3,1,3,5,2),('INN00992','Meal Plan 1','Room_Type 4',2018,4,16,'Online',144.5,'Not_Canceled\r',3,2,1,2,2),('INN00993','Not Selected','Room_Type 1',2018,7,3,'Online',103.5,'Not_Canceled\r',2,1,2,5,3),('INN00994','Meal Plan 1','Room_Type 1',2018,10,21,'Online',135,'Canceled\r',2,2,2,5,1),('INN00995','Meal Plan 1','Room_Type 1',2018,10,31,'Online',102.15,'Not_Canceled\r',1,2,1,2,1),('INN00996','Meal Plan 1','Room_Type 1',2018,5,13,'Online',95,'Canceled\r',3,3,1,3,3),('INN00997','Meal Plan 1','Room_Type 1',2017,10,13,'Complementary',0,'Not_Canceled\r',3,1,1,1,1),('INN00998','Meal Plan 1','Room_Type 1',2018,12,22,'Online',86.4,'Not_Canceled\r',1,3,1,2,2),('INN00999','Not Selected','Room_Type 1',2017,9,19,'Online',66.53,'Not_Canceled\r',1,1,1,4,3),('B001',NULL,NULL,2023,12,25,NULL,150,NULL,1,3,3,3,NULL),('B002',NULL,NULL,2023,11,15,NULL,100,NULL,2,3,2,4,NULL),('B003',NULL,NULL,2024,1,10,NULL,200,NULL,3,1,3,3,NULL);
/*!40000 ALTER TABLE `hotel_reservations` ENABLE KEYS */;
UNLOCK TABLES;

--
-- Table structure for table `market_segment`
--

DROP TABLE IF EXISTS `market_segment`;
/*!40101 SET @saved_cs_client     = @@character_set_client */;
/*!50503 SET character_set_client = utf8mb4 */;
CREATE TABLE `market_segment` (
  `id` int NOT NULL,
  `market_segment` text,
  PRIMARY KEY (`id`)
) ENGINE=InnoDB DEFAULT CHARSET=utf8mb4 COLLATE=utf8mb4_0900_ai_ci;
/*!40101 SET character_set_client = @saved_cs_client */;

--
-- Dumping data for table `market_segment`
--

LOCK TABLES `market_segment` WRITE;
/*!40000 ALTER TABLE `market_segment` DISABLE KEYS */;
INSERT INTO `market_segment` VALUES (1,'Offline'),(2,'Online'),(3,'Corporate'),(4,'Aviation'),(5,'Complementary');
/*!40000 ALTER TABLE `market_segment` ENABLE KEYS */;
UNLOCK TABLES;

--
-- Table structure for table `meal_plan`
--

DROP TABLE IF EXISTS `meal_plan`;
/*!40101 SET @saved_cs_client     = @@character_set_client */;
/*!50503 SET character_set_client = utf8mb4 */;
CREATE TABLE `meal_plan` (
  `id` int NOT NULL,
  `meal_plan` text,
  PRIMARY KEY (`id`)
) ENGINE=InnoDB DEFAULT CHARSET=utf8mb4 COLLATE=utf8mb4_0900_ai_ci;
/*!40101 SET character_set_client = @saved_cs_client */;

--
-- Dumping data for table `meal_plan`
--

LOCK TABLES `meal_plan` WRITE;
/*!40000 ALTER TABLE `meal_plan` DISABLE KEYS */;
INSERT INTO `meal_plan` VALUES (1,'Breakfast'),(2,'Lunch'),(3,'Dinner');
/*!40000 ALTER TABLE `meal_plan` ENABLE KEYS */;
UNLOCK TABLES;

--
-- Table structure for table `room_type`
--

DROP TABLE IF EXISTS `room_type`;
/*!40101 SET @saved_cs_client     = @@character_set_client */;
/*!50503 SET character_set_client = utf8mb4 */;
CREATE TABLE `room_type` (
  `id` int NOT NULL,
  `room_type` text,
  PRIMARY KEY (`id`)
) ENGINE=InnoDB DEFAULT CHARSET=utf8mb4 COLLATE=utf8mb4_0900_ai_ci;
/*!40101 SET character_set_client = @saved_cs_client */;

--
-- Dumping data for table `room_type`
--

LOCK TABLES `room_type` WRITE;
/*!40000 ALTER TABLE `room_type` DISABLE KEYS */;
INSERT INTO `room_type` VALUES (1,'Delux Room'),(2,'Standard Room'),(3,'VIP Suite');
/*!40000 ALTER TABLE `room_type` ENABLE KEYS */;
UNLOCK TABLES;
/*!40103 SET TIME_ZONE=@OLD_TIME_ZONE */;

/*!40101 SET SQL_MODE=@OLD_SQL_MODE */;
/*!40014 SET FOREIGN_KEY_CHECKS=@OLD_FOREIGN_KEY_CHECKS */;
/*!40014 SET UNIQUE_CHECKS=@OLD_UNIQUE_CHECKS */;
/*!40101 SET CHARACTER_SET_CLIENT=@OLD_CHARACTER_SET_CLIENT */;
/*!40101 SET CHARACTER_SET_RESULTS=@OLD_CHARACTER_SET_RESULTS */;
/*!40101 SET COLLATION_CONNECTION=@OLD_COLLATION_CONNECTION */;
/*!40111 SET SQL_NOTES=@OLD_SQL_NOTES */;

-- Dump completed on 2025-01-16  2:26:21
